$cas_number$,$ing_name$
$201849-15-2$,$benzene, 2-bromo-1-chloro-4-fluoro-$
$186614-90-4$,$phosphonic acid, p,p'-[[[2-[(2-hydroxyethyl)(phosphonomethyl)amino]ethyl]imino]bis(methylene)]bis-, ammonium salt (1:?)$
$176317-02-5$,$benzene, 1-bromo-2,3,4-trifluoro-$
$144584-65-6$,$benzene, 1-bromo-3-chloro-2-fluoro-$
$68186-90-3$,$c.i. pigment brown 24$
$68154-97-2$,$alcohols, c10-12, ethoxylated propoxylated$
$66256-28-8$,$benzene, 4-fluoro-1-iodo-2-methyl-$
$64743-05-1$,$coke (petroleum), calcined$
$60956-23-2$,$benzene, 1,2-dibromo-4-methyl-$
$58089-99-9$,$benzenesulfonic acid, 4-dodecyl-, compd. with 2-aminoethanol (1:1)$
$22445-41-6$,$benzene, 1-iodo-3,5-dimethyl-$
$19752-55-7$,$benzene, 1-bromo-3,5-dichloro-$
$13588-28-8$,$1-propanol, 2-(2-methoxypropoxy)-$
$12141-46-7$,$aluminum oxide silicate (al2o(sio4))$
$6152-67-6$,$benzenesulfonic acid, 4-(phenylamino)-, sodium salt (1:1)$
$1611-92-3$,$benzene, 1,3-dibromo-5-methyl-$
$1435-51-4$,$benzene, 1,3-dibromo-5-fluoro-$
$626-39-1$,$benzene, 1,3,5-tribromo-$
$580-13-2$,$naphthalene, 2-bromo-$
$327-51-5$,$benzene, 1,4-dibromo-2,5-difluoro-$
$Nope$,$$
$70146-13-3$,$benzenesulfonic acid, oxybis[decyl-, sodium salt (1:2)$
$68439-30-5$,$oxirane, 2-methyl-, polymer with oxirane, 8-methylnonyl ether$
$39202-17-0$,$9-dodecenoic acid, methyl ester$
$25601-41-6$,$9-decenoic acid, methyl ester$
$9038-95-3$,$oxirane, 2-methyl-, polymer with oxirane, monobutyl ether$
$68909-18-2$,$pyridinium, 1-(phenylmethyl)-, et me derivs., chlorides$
$55566-30-8$,$phosphonium, tetrakis(hydroxymethyl)-, sulfate (2:1)$
$14808-60-7$,$quartz (sio2)$
$14452-57-4$,$magnesium peroxide (mg(o2))$
$9000-30-0$,$guar gum$
$8002-74-2$,$hydrocarbon waxes$
$7732-18-5$,$water$
$7681-52-9$,$hypochlorous acid, sodium salt (1:1)$
$7664-38-2$,$phosphoric acid$
$7647-14-5$,$sodium chloride (nacl)$
$7647-01-0$,$hydrochloric acid$
$5064-31-3$,$glycine, n,n-bis(carboxymethyl)-, sodium salt (1:3)$
$1319-33-1$,$ulexite (canah12(bo3)5.2h2o) (9ci)$
$1310-73-2$,$sodium hydroxide (na(oh))$
$1309-48-4$,$magnesium oxide (mgo)$
$1309-42-8$,$magnesium hydroxide (mg(oh)2)$
$107-21-1$,$1,2-ethanediol$
$107-19-7$,$2-propyn-1-ol$
$104-76-7$,$1-hexanol, 2-ethyl-$
$68-11-1$,$acetic acid, 2-mercapto-$
$67-63-0$,$2-propanol$
$67-56-1$,$methanol$
$65-85-0$,$benzoic acid$
$64-19-7$,$acetic acid$
$57-55-6$,$1,2-propanediol$
$13463-67-7$,$titanium oxide (tio2)$
$12125-02-9$,$ammonium chloride ((nh4)cl)$
$9003-05-8$,$2-propenamide, homopolymer$
$9003-04-7$,$2-propenoic acid, homopolymer, sodium salt$
$8042-47-5$,$white mineral oil (petroleum)$
$8028-48-6$,$orange, sweet, ext.$
$7775-27-1$,$peroxydisulfuric acid ([(ho)s(o)2]2o2), sodium salt (1:2)$
$7727-54-0$,$peroxydisulfuric acid ([(ho)s(o)2]2o2), ammonium salt (1:2)$
$7664-39-3$,$hydrofluoric acid$
$2610-11-9$,$2-naphthalenesulfonic acid, 7-(benzoylamino)-4-hydroxy-3-[2-[4-[2-(4-sulfophenyl)diazenyl]phenyl]diazenyl]-, sodium salt (1:2)$
$1338-43-8$,$sorbitan, mono-(9z)-9-octadecenoate$
$631-61-8$,$acetic acid, ammonium salt (1:1)$
$144-55-8$,$carbonic acid sodium salt (1:1)$
$112-34-5$,$ethanol, 2-(2-butoxyethoxy)-$
$111-76-2$,$ethanol, 2-butoxy-$
$111-30-8$,$pentanedial$
$95-63-6$,$benzene, 1,2,4-trimethyl-$
$91-20-3$,$naphthalene$
$67-48-1$,$ethanaminium, 2-hydroxy-n,n,n-trimethyl-, chloride (1:1)$
$64-17-5$,$ethanol$
$64-02-8$,$glycine, n,n'-1,2-ethanediylbis[n-(carboxymethyl)-, sodium salt (1:4)$
$62-56-6$,$thiourea$
$60-24-2$,$ethanol, 2-mercapto-$
$56-81-5$,$1,2,3-propanetriol$
$50-00-0$,$formaldehyde$
$111-40-0$,$1,2-ethanediamine, n1-(2-aminoethyl)-$
$110-54-3$,$hexane$
$109-55-7$,$1,3-propanediamine, n1,n1-dimethyl-$
$108-32-7$,$1,3-dioxolan-2-one, 4-methyl-$
$108-24-7$,$acetic acid, 1,1'-anhydride$
$108-01-0$,$ethanol, 2-(dimethylamino)-$
$104-55-2$,$2-propenal, 3-phenyl-$
$104-40-5$,$phenol, 4-nonyl-$
$102-71-6$,$ethanol, 2,2',2''-nitrilotris-$
$100-97-0$,$1,3,5,7-tetraazatricyclo[3.3.1.13,7]decane$
$100-44-7$,$benzene, (chloromethyl)-$
$89-65-6$,$d-erythro-hex-2-enonic acid, γ-lactone$
$88-99-3$,$1,2-benzenedicarboxylic acid$
$85-44-9$,$1,3-isobenzofurandione$
$79-21-0$,$ethaneperoxoic acid$
$79-06-1$,$2-propenamide$
$78-40-0$,$phosphoric acid, triethyl ester$
$77-92-9$,$1,2,3-propanetricarboxylic acid, 2-hydroxy-$
$75-91-2$,$hydroperoxide, 1,1-dimethylethyl$
$75-57-0$,$methanaminium, n,n,n-trimethyl-, chloride (1:1)$
$75-12-7$,$formamide$
$75-07-0$,$acetaldehyde$
$71-48-7$,$acetic acid, cobalt(2+) salt (2:1)$
$68-12-2$,$formamide, n,n-dimethyl-$
$64-18-6$,$formic acid$
$584-08-7$,$carbonic acid, potassium salt (1:2)$
$577-11-7$,$butanedioic acid, 2-sulfo-, 1,4-bis(2-ethylhexyl) ester, sodium salt (1:1)$
$544-76-3$,$hexadecane$
$540-72-7$,$thiocyanic acid, sodium salt (1:1)$
$533-74-4$,$2h-1,3,5-thiadiazine-2-thione, tetrahydro-3,5-dimethyl-$
$497-19-8$,$carbonic acid sodium salt (1:2)$
$151-21-3$,$sulfuric acid monododecyl ester sodium salt (1:1)$
$143-18-0$,$9-octadecenoic acid (9z)-, potassium salt (1:1)$
$141-53-7$,$formic acid, sodium salt (1:1)$
$141-43-5$,$ethanol, 2-amino-$
$139-08-2$,$benzenemethanaminium, n,n-dimethyl-n-tetradecyl-, chloride (1:1)$
$139-07-1$,$benzenemethanaminium, n-dodecyl-n,n-dimethyl-, chloride (1:1)$
$127-09-3$,$acetic acid, sodium salt (1:1)$
$127-08-2$,$acetic acid, potassium salt (1:1)$
$124-18-5$,$decane$
$124-04-9$,$hexanedioic acid$
$122-20-3$,$2-propanol, 1,1',1''-nitrilotris-$
$122-18-9$,$benzenemethanaminium, n-hexadecyl-n,n-dimethyl-, chloride (1:1)$
$112-80-1$,$9-octadecenoic acid (9z)-$
$112-40-3$,$dodecane$
$112-30-1$,$1-decanol$
$111-87-5$,$1-octanol$
$111-77-3$,$ethanol, 2-(2-methoxyethoxy)-$
$111-46-6$,$ethanol, 2,2'-oxybis-$
$111-42-2$,$ethanol, 2,2'-iminobis-$
$7632-05-5$,$phosphoric acid, sodium salt (1:?)$
$7631-90-5$,$sulfurous acid, sodium salt (1:1)$
$7631-86-9$,$silica$
$7601-54-9$,$phosphoric acid, sodium salt (1:3)$
$7447-40-7$,$potassium chloride (kcl)$
$7447-39-4$,$copper chloride (cucl2)$
$7173-51-5$,$1-decanaminium, n-decyl-n,n-dimethyl-, chloride (1:1)$
$6419-19-8$,$phosphonic acid, p,p',p''-[nitrilotris(methylene)]tris-$
$6381-77-7$,$d-erythro-hex-2-enonic acid, γ-lactone, sodium salt (1:1)$
$5989-27-5$,$cyclohexene, 1-methyl-4-(1-methylethenyl)-, (4r)-$
$5949-29-1$,$1,2,3-propanetricarboxylic acid, 2-hydroxy-, hydrate (1:1)$
$5470-11-1$,$hydroxylamine, hydrochloride (1:1)$
$5329-14-6$,$sulfamic acid$
$2836-32-0$,$acetic acid, 2-hydroxy-, sodium salt (1:1)$
$2687-96-9$,$2-pyrrolidinone, 1-dodecyl-$
$2002-24-6$,$ethanol, 2-amino-, hydrochloride (1:1)$
$1336-21-6$,$ammonium hydroxide ((nh4)(oh))$
$1310-58-3$,$potassium hydroxide (k(oh))$
$1305-79-9$,$calcium peroxide (ca(o2))$
$1305-62-0$,$calcium hydroxide (ca(oh)2)$
$1302-74-5$,$corundum (al2o3)$
$1120-21-4$,$undecane$
$629-59-4$,$tetradecane$
$629-50-5$,$tridecane$
$590-29-4$,$formic acid, potassium salt (1:1)$
$10049-04-4$,$chlorine oxide (clo2)$
$10043-52-4$,$calcium chloride (cacl2)$
$10043-35-3$,$boric acid (h3bo3)$
$10028-22-5$,$sulfuric acid, iron(3+) salt (3:2)$
$9043-30-5$,$poly(oxy-1,2-ethanediyl), α-isotridecyl-ω-hydroxy-$
$9016-45-9$,$poly(oxy-1,2-ethanediyl), α-(nonylphenyl)-ω-hydroxy-$
$9014-93-1$,$poly(oxy-1,2-ethanediyl), α-(dinonylphenyl)-ω-hydroxy-$
$9004-96-0$,$poly(oxy-1,2-ethanediyl), α-[(9z)-1-oxo-9-octadecen-1-yl]-ω-hydroxy-$
$9004-67-5$,$cellulose, methyl ether$
$9003-35-4$,$phenol, polymer with formaldehyde$
$9003-11-6$,$oxirane, 2-methyl-, polymer with oxirane$
$9003-06-9$,$2-propenoic acid, polymer with 2-propenamide$
$7789-38-0$,$bromic acid, sodium salt (1:1)$
$7783-20-2$,$sulfuric acid ammonium salt (1:2)$
$7772-98-7$,$thiosulfuric acid (h2s2o3), sodium salt (1:2)$
$7758-98-7$,$sulfuric acid copper(2+) salt (1:1)$
$7758-19-2$,$chlorous acid, sodium salt (1:1)$
$7757-83-7$,$sulfurous acid, sodium salt (1:2)$
$7757-82-6$,$sulfuric acid sodium salt (1:2)$
$7727-37-9$,$nitrogen$
$7727-21-1$,$peroxydisulfuric acid ([(ho)s(o)2]2o2), potassium salt (1:2)$
$7722-84-1$,$hydrogen peroxide (h2o2)$
$7681-82-5$,$sodium iodide (nai)$
$7681-11-0$,$potassium iodide (ki)$
$7664-41-7$,$ammonia$
$127087-87-0$,$poly(oxy-1,2-ethanediyl), α-(4-nonylphenyl)-ω-hydroxy-, branched$
$51838-31-4$,$2-oxiranemethanaminium, n,n,n-trimethyl-, chloride (1:1), homopolymer$
$40623-75-4$,$2-propenoic acid, polymer with 2-methyl-2-[(1-oxo-2-propen-1-yl)amino]-1-propanesulfonic acid$
$34690-00-1$,$phosphonic acid, p,p',p'',p'''-[[(phosphonomethyl)imino]bis[6,1-hexanediylnitrilobis(methylene)]]tetrakis-$
$31726-34-8$,$poly(oxy-1,2-ethanediyl), α-hexyl-ω-hydroxy-$
$27176-87-0$,$benzenesulfonic acid, dodecyl-$
$26836-07-7$,$benzenesulfonic acid, dodecyl-, compd. with 2-aminoethanol (1:1)$
$26635-93-8$,$poly(oxy-1,2-ethanediyl), α,α'-[[(9z)-9-octadecen-1-ylimino]di-2,1-ethanediyl]bis[ω-hydroxy-$
$26038-87-9$,$boric acid (h3bo3), compd. with 2-aminoethanol (1:?)$
$25987-66-0$,$2-propenoic acid, 2-methyl-, polymer with butyl 2-propenoate, ethenylbenzene and methyl 2-methyl-2-propenoate$
$25322-69-4$,$poly[oxy(methyl-1,2-ethanediyl)], α-hydro-ω-hydroxy-$
$25038-72-6$,$2-propenoic acid, methyl ester, polymer with 1,1-dichloroethene$
$18662-53-8$,$glycine, n,n-bis(carboxymethyl)-, sodium salt, hydrate (1:3:1)$
$17593-73-6$,$glycine, n-(carboxymethyl)-, sodium salt, hydrate (1:2:1)$
$15619-48-4$,$quinolinium, 1-(phenylmethyl)-, chloride (1:1)$
$15220-87-8$,$1-propene, pentamer$
$14807-96-6$,$talc (mg3h2(sio3)4)$
$14464-46-1$,$cristobalite (sio2)$
$13709-94-9$,$boric acid (hbo2), potassium salt (1:1)$
$11138-66-2$,$xanthan gum$
$10604-69-0$,$2-propenoic acid, ammonium salt (1:1)$
$10555-76-7$,$boric acid (hbo2), sodium salt, tetrahydrate (8ci,9ci)$
$10222-01-2$,$acetamide, 2,2-dibromo-2-cyano-$
$10192-30-0$,$sulfurous acid, ammonium salt (1:1)$
$10125-13-0$,$copper chloride (cucl2), dihydrate (8ci,9ci)$
$91053-39-3$,$calcined diatomite$
$81741-28-8$,$phosphonium, tributyltetradecyl-, chloride (1:1)$
$71050-62-9$,$2-propenoic acid, polymer with sodium phosphinate (1:1)$
$70750-07-1$,$formaldehyde, polymer with n1-(2-aminoethyl)-1,2-ethanediamine, benzylated$
$69418-26-4$,$ethanaminium, n,n,n-trimethyl-2-[(1-oxo-2-propen-1-yl)oxy]-, chloride (1:1), polymer with 2-propenamide$
$68909-77-3$,$ethanol, 2,2'-oxybis-, reaction products with ammonia, morpholine derivs. residues$
$68715-83-3$,$2-butenedioic acid (2z)-, polymer with sodium 2-propene-1-sulfonate (1:1)$
$68584-22-5$,$benzenesulfonic acid, c10-16-alkyl derivs.$
$68527-49-1$,$thiourea, polymer with formaldehyde and 1-phenylethanone$
$68439-50-9$,$alcohols, c12-14, ethoxylated$
$68424-85-1$,$quaternary ammonium compounds, benzyl-c12-16-alkyldimethyl, chlorides$
$68412-54-4$,$poly(oxy-1,2-ethanediyl), α-(nonylphenyl)-ω-hydroxy-, branched$
$68391-01-5$,$quaternary ammonium compounds, benzyl-c12-18-alkyldimethyl, chlorides$
$68123-18-2$,$phenol, 4,4'-(1-methylethylidene)bis-, polymer with 2-(chloromethyl)oxirane, 2-methyloxirane and oxirane$
$65322-65-8$,$quinolinium, 1-(1-naphthalenylmethyl)-, chloride (1:1)$
$64743-02-8$,$alkenes, c>10 α-$
$62649-23-4$,$2-propenoic acid, polymer with 2-propenamide and sodium 2-propenoate (1:1)$
$10035-04-8$,$calcium chloride (cacl2), dihydrate (9ci)$
$10028-15-6$,$ozone$
$10025-91-9$,$stibine, trichloro-$
$1303-96-4$,$borax (b4na2o7.10h2o)$
$100-79-8$,$1,3-dioxolane-4-methanol, 2,2-dimethyl-$
$100-52-7$,$benzaldehyde$
$100-41-4$,$benzene, ethyl-$
$1004542-84-0$,$sulfamic acid, n-bromo-, sodium salt, hydrate (1:1:?)$
$101033-44-7$,$zirconium, tetrakis[2-[bis(2-hydroxyethyl)amino-κn]ethanolato-κo]-$
$100545-50-4$,$1-decanamine, n-decyl-n-methyl-, n-oxide$
$10543-57-4$,$acetamide, n,n'-1,2-ethanediylbis[n-acetyl-$
$10378-23-1$,$glycine, n,n'-1,2-ethanediylbis[n-(carboxymethyl)-, sodium salt, hydrate (1:4:2)$
$10377-60-3$,$nitric acid, magnesium salt (2:1)$
$10361-65-6$,$phosphoric acid, ammonium salt (1:3)$
$10326-27-9$,$barium chloride (bacl2), dihydrate (9ci)$
$10294-56-1$,$phosphorous acid$
$10124-37-5$,$nitric acid, calcium salt (2:1)$
$10124-31-9$,$phosphoric acid, ammonium salt (1:?)$
$10102-40-6$,$molybdate (moo42-), sodium, hydrate (1:2:2), (t-4)- (9ci)$
$10102-17-7$,$thiosulfuric acid (h2s2o3), sodium salt, hydrate (1:2:5)$
$10039-56-2$,$phosphinic acid, sodium salt, hydrate (1:1:1)$
$1067-12-5$,$methanol, 1,1',1''-phosphinylidynetris-$
$106-97-8$,$butane$
$106-89-8$,$oxirane, 2-(chloromethyl)-$
$106-65-0$,$butanedioic acid, 1,4-dimethyl ester$
$106-25-2$,$2,6-octadien-1-ol, 3,7-dimethyl-, (2z)-$
$106-24-1$,$2,6-octadien-1-ol, 3,7-dimethyl-, (2e)-$
$106-22-9$,$6-octen-1-ol, 3,7-dimethyl-$
$102-81-8$,$ethanol, 2-(dibutylamino)-$
$102-76-1$,$1,2,3-propanetriol, 1,2,3-triacetate$
$101-77-9$,$benzenamine, 4,4'-methylenebis-$
$101-68-8$,$benzene, 1,1'-methylenebis[4-isocyanato-$
$108797-85-9$,$1-propanaminium, 3-[(2-ethylhexyl)oxy]-2-hydroxy-n-(2-hydroxy-3-sulfopropyl)-n,n-dimethyl-, inner salt$
$108797-84-8$,$1-propanaminium, 3-butoxy-2-hydroxy-n-(2-hydroxy-3-sulfopropyl)-n,n-dimethyl-, inner salt$
$108388-79-0$,$benzenemethanaminium, n,n-dimethyl-n-[2-[(1-oxo-2-propen-1-yl)oxy]ethyl]-, chloride (1:1), polymer with 2-propenamide and n,n,n-trimethyl-2-[(1-oxo-2-propen-1-yl)oxy]ethanaminium chloride (1:1)$
$109-46-6$,$thiourea, n,n'-dibutyl-$
$108-95-2$,$phenol$
$108-88-3$,$benzene, methyl-$
$108-83-8$,$4-heptanone, 2,6-dimethyl-$
$108-67-8$,$benzene, 1,3,5-trimethyl-$
$108-38-3$,$benzene, 1,3-dimethyl-$
$108-31-6$,$2,5-furandione$
$108-20-3$,$propane, 2,2'-oxybis-$
$108-19-0$,$imidodicarbonic diamide$
$108-11-2$,$2-pentanol, 4-methyl-$
$108-10-1$,$2-pentanone, 4-methyl-$
$108-09-8$,$2-pentanamine, 4-methyl-$
$108-05-4$,$acetic acid ethenyl ester$
$107-98-2$,$2-propanol, 1-methoxy-$
$107-89-1$,$butanal, 3-hydroxy-$
$107-64-2$,$1-octadecanaminium, n,n-dimethyl-n-octadecyl-, chloride (1:1)$
$107-41-5$,$2,4-pentanediol, 2-methyl-$
$107-22-2$,$ethanedial$
$107-15-3$,$1,2-ethanediamine$
$107-13-1$,$2-propenenitrile$
$107-02-8$,$2-propenal$
$110224-99-2$,$2-propenoic acid, telomer with sodium 2-methyl-2-[(1-oxo-2-propen-1-yl)amino]-1-propanesulfonate (1:1) and sodium phosphinite (1:1)$
$11097-59-9$,$aluminate (al(oh)63-), (oc-6-11)-, magnesium carbonate hydroxide (2:6:1:4)$
$1119-40-0$,$pentanedioic acid, 1,5-dimethyl ester$
$1113-55-9$,$acetamide, 2-bromo-2-cyano-$
$112-57-2$,$1,2-ethanediamine, n1-(2-aminoethyl)-n2-[2-[(2-aminoethyl)amino]ethyl]-$
$112-53-8$,$1-dodecanol$
$112-42-5$,$1-undecanol$
$112-41-4$,$1-dodecene$
$112-27-6$,$ethanol, 2,2'-[1,2-ethanediylbis(oxy)]bis-$
$112-24-3$,$1,2-ethanediamine, n1,n2-bis(2-aminoethyl)-$
$112-15-2$,$ethanol, 2-(2-ethoxyethoxy)-, 1-acetate$
$112-03-8$,$1-octadecanaminium, n,n,n-trimethyl-, chloride (1:1)$
$111-84-2$,$nonane$
$111-66-0$,$1-octene$
$111-65-9$,$octane$
$111-44-4$,$ethane, 1,1'-oxybis[2-chloro-$
$111-05-7$,$9-octadecenamide, n-(2-hydroxypropyl)-, (9z)-$
$110-91-8$,$morpholine$
$110-82-7$,$cyclohexane$
$110-80-5$,$ethanol, 2-ethoxy-$
$110-44-1$,$2,4-hexadienoic acid, (2e,4e)-$
$110-30-5$,$octadecanamide, n,n'-1,2-ethanediylbis-$
$110-17-8$,$2-butenedioic acid (2e)-$
$109-66-0$,$pentane$
$1160525-87-0$,$phosphonic acid, p-[(1r,2r)-1,2-dihydroxypropyl]-, ammonium salt (1:?)$
$194041-65-1$,$1h-thieno[3,4-d]imidazole-4-pentanoic acid, hexahydro-2-oxo-, 2,5-dioxo-3-sulfo-1-pyrrolidinyl ester, sodium salt (1:1), (3as,4s,6ar)-$
$119345-04-9$,$benzene, 1,1'-oxybis-, tetrapropylene derivs., sulfonated, sodium salts$
$113184-20-6$,$zirconium, hydroxy lactate sodium complexes$
$112945-52-5$,$silica, amorphous, fumed, cryst.-free$
$112926-00-8$,$silica gel, pptd., cryst.-free$
$12173-60-3$,$illite ([al1.75(fe0-1mg0-1)0.25]k0.75(si3.5al0.5)[(oh)0.5-1f0-0.5]2o10)$
$12136-45-7$,$potassium oxide (k2o)$
$12001-26-2$,$mica-group minerals$
$1185-57-5$,$1,2,3-propanetricarboxylic acid, 2-hydroxy-, ammonium iron(3+) salt (1:?:?)$
$1184-78-7$,$methanamine, n,n-dimethyl-, n-oxide$
$1130-43-4$,$2(3h)-furanone, dihydro-5-methyl-5-(4-methylpentyl)-, (s)- (9ci)$
$1130-20-7$,$spiro[5.6]dodecan-7-ol$
$1120-36-1$,$1-tetradecene$
$1120-24-7$,$1-decanamine, n,n-dimethyl-$
$123-17-1$,$4-nonanol, 2,6,8-trimethyl-$
$123-01-3$,$benzene, dodecyl-$
$122-99-6$,$ethanol, 2-phenoxy-$
$121-43-7$,$boric acid (h3bo3), trimethyl ester$
$120-40-1$,$dodecanamide, n,n-bis(2-hydroxyethyl)-$
$119-65-3$,$isoquinoline$
$119-36-8$,$benzoic acid, 2-hydroxy-, methyl ester$
$117-81-7$,$1,2-benzenedicarboxylic acid, 1,2-bis(2-ethylhexyl) ester$
$115-07-1$,$1-propene$
$112-88-9$,$1-octadecene$
$129828-36-0$,$phosphonic acid, p,p'-[[[2-[(2-hydroxyethyl)(phosphonomethyl)amino]ethyl]imino]bis(methylene)]bis-, compd. with 2-aminoethanol (1:?)$
$129813-58-7$,$benzene, mono-c10-13-alkyl derivs.$
$128850-89-5$,$11-oxa-3,6-diaza-10-siladodecanoic acid, 3,6-bis(carboxymethyl)-10,10-dimethoxy-, sodium salt (1:3)$
$128824-30-6$,$1-dodecanesulfonic acid, hydroxy-, sodium salt (1:?)$
$13127-82-7$,$ethanol, 2,2'-[(9z)-9-octadecen-1-ylimino]bis-$
$1313-59-3$,$sodium oxide (na2o)$
$1310-14-1$,$goethite (fe(oh)o)$
$1309-38-2$,$magnetite (fe3o4)$
$1305-78-8$,$calcium oxide (cao)$
$1303-86-2$,$boron oxide (b2o3)$
$1302-76-7$,$kyanite (al2o(sio4))$
$1300-72-7$,$benzenesulfonic acid, dimethyl-, sodium salt (1:1)$
$129-17-9$,$ethanaminium, n-[4-[[4-(diethylamino)phenyl](2,4-disulfophenyl)methylene]-2,5-cyclohexadien-1-ylidene]-n-ethyl-, inner salt, sodium salt (1:1)$
$128-37-0$,$phenol, 2,6-bis(1,1-dimethylethyl)-4-methyl-$
$128-03-0$,$carbamodithioic acid, n,n-dimethyl-, potassium salt (1:1)$
$126-97-6$,$acetic acid, 2-mercapto-, compd. with 2-aminoethanol (1:1)$
$126-96-5$,$acetic acid, sodium salt (2:1)$
$126-92-1$,$sulfuric acid, mono(2-ethylhexyl) ester, sodium salt (1:1)$
$126-73-8$,$phosphoric acid tributyl ester$
$126-11-4$,$1,3-propanediol, 2-(hydroxymethyl)-2-nitro-$
$124-68-5$,$1-propanol, 2-amino-2-methyl-$
$124-38-9$,$carbon dioxide$
$124-09-4$,$1,6-hexanediamine$
$123-91-1$,$1,4-dioxane$
$123-73-9$,$2-butenal, (2e)-$
$136793-29-8$,$2-propenoic acid, 2-methyl-, polymer with sodium 2-methyl-2-[(1-oxo-2-propen-1-yl)amino]-1-propanesulfonate (1:1)$
$134509-56-1$,$sulfamic acid, n-bromo-, sodium salt (1:1)$
$13547-17-6$,$urea, n,n''-methylenebis-$
$13533-05-6$,$2-propenoic acid, 2-(2-hydroxyethoxy)ethyl ester$
$13520-92-8$,$zirconium, dichlorooxo-, octahydrate (8ci,9ci)$
$13517-20-9$,$perboric acid (h3bo2(o2)), monosodium salt, trihydrate (9ci)$
$13477-34-4$,$nitric acid, calcium salt, tetrahydrate (8ci,9ci)$
$13197-76-7$,$1-dodecanaminium, n-(2-hydroxy-3-sulfopropyl)-n,n-dimethyl-, inner salt$
$1344-28-1$,$aluminum oxide (al2o3)$
$1344-09-8$,$silicic acid, sodium salt$
$1340-69-8$,$quaternium 18-bentonite$
$1338-41-6$,$sorbitan, monooctadecanoate$
$1333-73-9$,$boric acid, sodium salt$
$1332-58-7$,$kaolin$
$1318-93-0$,$montmorillonite ((al1.33-1.67mg0.33-0.67)(ca0-1na0-1)0.33si4(oh)2o10.xh2o)$
$1318-16-7$,$bauxite$
$1317-80-2$,$rutile (tio2)$
$1317-71-1$,$olivine-group minerals$
$1317-65-3$,$limestone$
$1317-60-8$,$hematite (fe2o3)$
$1314-13-2$,$zinc oxide (zno)$
$1313-82-2$,$sodium sulfide (na2s)$
$138-86-3$,$cyclohexene, 1-methyl-4-(1-methylethenyl)-$
$138-22-7$,$propanoic acid, 2-hydroxy-, butyl ester$
$153568-80-0$,$benzenemethanaminium, n,n-dimethyl-n-[2-[(1-oxo-2-propen-1-yl)oxy]ethyl]-, chloride (1:1), polymer with n,n-dimethyl-n-2-propen-1-yl-2-propen-1-aminium chloride (1:1)$
$149879-98-1$,$1-propanaminium, n-(carboxymethyl)-n,n-dimethyl-3-[[(13z)-1-oxo-13-docosen-1-yl]amino]-, inner salt$
$147732-60-3$,$benzene, 1,1'-oxybis-, sec-hexyl derivs., sulfonated, sodium salts$
$141179-72-8$,$benzoic acid, 4-fluoro-2-(trifluoromethyl)-$
$138879-94-4$,$1,2-ethanediaminium, n1,n2-bis[2-[bis(2-hydroxyethyl)methylammonio]ethyl]-n1,n2-bis(2-hydroxyethyl)-n1,n2-dimethyl-, chloride (1:4)$
$15468-32-3$,$tridymite (sio2) (9ci)$
$15214-89-8$,$1-propanesulfonic acid, 2-methyl-2-[(1-oxo-2-propen-1-yl)amino]-$
$14960-06-6$,$β-alanine, n-(2-carboxyethyl)-n-dodecyl-, sodium salt (1:1)$
$14483-19-3$,$diopside (camg(sio3)2) (9ci)$
$14035-94-0$,$pentanedioic acid, 2-methyl-, 1,5-dimethyl ester$
$14025-15-1$,$cuprate(2-), [[n,n'-1,2-ethanediylbis[n-[(carboxy-κo)methyl]glycinato-κn,κo]](4-)]-, sodium (1:2), (oc-6-21)-$
$13840-56-7$,$boric acid (h3bo3), sodium salt (1:?)$
$150-76-5$,$phenol, 4-methoxy-$
$150-38-9$,$glycine, n,n'-1,2-ethanediylbis[n-(carboxymethyl)-, sodium salt (1:3)$
$150-13-0$,$benzoic acid, 4-amino-$
$143-22-6$,$ethanol, 2-[2-(2-butoxyethoxy)ethoxy]-$
$142-87-0$,$sulfuric acid, monodecyl ester, sodium salt (1:1)$
$142-82-5$,$heptane$
$142-31-4$,$sulfuric acid, monooctyl ester, sodium salt (1:1)$
$141-78-6$,$acetic acid ethyl ester$
$140-88-5$,$2-propenoic acid, ethyl ester$
$140-31-8$,$1-piperazineethanamine$
$139-89-9$,$glycine, n-[2-[bis(carboxymethyl)amino]ethyl]-n-(2-hydroxyethyl)-, sodium salt (1:3)$
$139-33-3$,$glycine, n,n'-1,2-ethanediylbis[n-(carboxymethyl)-, sodium salt (1:2)$
$139-13-9$,$glycine, n,n-bis(carboxymethyl)-$
$19549-80-5$,$2-heptanone, 4,6-dimethyl-$
$19019-43-3$,$glycine, n-(carboxymethyl)-n-[2-[(carboxymethyl)amino]ethyl]-, sodium salt (1:3)$
$18016-19-8$,$2-butenedioic acid (2z)-, sodium salt (1:?)$
$17375-41-6$,$sulfuric acid, iron(2+) salt (1:1), monohydrate (8ci,9ci)$
$16887-00-6$,$chloride$
$16872-11-0$,$borate(1-), tetrafluoro-, hydrogen (1:1)$
$16547-58-3$,$sulfuric acid, iron(2+) salt (1:?)$
$16389-88-1$,$dolomite (camg(co3)2)$
$16088-62-3$,$oxirane, 2-methyl-, (2s)-$
$15827-60-8$,$phosphonic acid, p,p',p'',p'''-[[(phosphonomethyl)imino]bis[2,1-ethanediylnitrilobis(methylene)]]tetrakis-$
$15821-83-7$,$1-propanol, 2-butoxy-$
$15529-67-6$,$propanoic acid, 2-hydroxy-, sodium zirconium salt (1:?:?)$
$15475-67-9$,$phosphonic acid, sodium salt (1:?)$
$2082-79-3$,$benzenepropanoic acid, 3,5-bis(1,1-dimethylethyl)-4-hydroxy-, octadecyl ester$
$1941-30-6$,$1-propanaminium, n,n,n-tripropyl-, bromide (1:1)$
$1934-21-0$,$1h-pyrazole-3-carboxylic acid, 4,5-dihydro-5-oxo-1-(4-sulfophenyl)-4-[2-(4-sulfophenyl)diazenyl]-, sodium salt (1:3)$
$1892-29-1$,$ethanol, 2,2'-dithiobis-$
$1805-22-7$,$cyclopentane, 1,1,2,2,3,3,4,4,5-nonafluoro-5-(trifluoromethyl)-$
$1762-95-4$,$thiocyanic acid, ammonium salt (1:1)$
$1760-24-3$,$1,2-ethanediamine, n1-[3-(trimethoxysilyl)propyl]-$
$1736-47-6$,$1h-indene, 1,1,2,2,3,3,4,5,6,7-decafluoro-2,3-dihydro-$
$1592-23-0$,$octadecanoic acid, calcium salt (2:1)$
$1589-47-5$,$1-propanol, 2-methoxy-$
$1583-58-0$,$benzoic acid, 2,4-difluoro-$
$1569-01-3$,$2-propanol, 1-propoxy-$
$25214-70-4$,$formaldehyde, polymer with benzenamine$
$25133-97-5$,$2-propenoic acid, 2-methyl-, polymer with ethyl 2-propenoate and methyl 2-methyl-2-propenoate$
$25085-99-8$,$oxirane, 2,2'-[(1-methylethylidene)bis(4,1-phenyleneoxymethylene)]bis-, homopolymer$
$25085-75-0$,$formaldehyde, polymer with 4,4'-(1-methylethylidene)bis[phenol]$
$25085-34-1$,$2-propenoic acid, polymer with ethenylbenzene$
$25085-19-2$,$2-propenoic acid, polymer with ethenylbenzene and 2-ethylhexyl 2-propenoate$
$25068-38-6$,$phenol, 4,4'-(1-methylethylidene)bis-, polymer with 2-(chloromethyl)oxirane$
$25038-59-9$,$poly(oxy-1,2-ethanediyloxycarbonyl-1,4-phenylenecarbonyl)$
$25037-33-6$,$2-propenoic acid, butyl ester, polymer with ethenylbenzene and 2-propenamide$
$25034-86-0$,$2-propenoic acid, 2-methyl-, methyl ester, polymer with ethenylbenzene$
$24938-91-8$,$poly(oxy-1,2-ethanediyl), α-tridecyl-ω-hydroxy-$
$24937-78-8$,$acetic acid ethenyl ester, polymer with ethene$
$24634-61-5$,$2,4-hexadienoic acid, potassium salt (1:1), (2e,4e)-$
$23605-74-5$,$phosphonic acid, p,p',p'',p'''-[1,6-hexanediylbis[nitrilobis(methylene)]]tetrakis-$
$23519-77-9$,$1-propanol, zirconium(4+) salt (4:1)$
$22042-96-2$,$phosphonic acid, [[(phosphonomethyl)imino]bis[2,1-ethanediylnitrilobis(methylene)]]tetrakis-, sodium salt (1:?)$
$21564-17-0$,$thiocyanic acid, (2-benzothiazolylthio)methyl ester$
$20824-56-0$,$glycine, n,n'-1,2-ethanediylbis[n-(carboxymethyl)-, ammonium salt (1:2)$
$2439-35-2$,$2-propenoic acid, 2-(dimethylamino)ethyl ester$
$2426-08-6$,$oxirane, 2-(butoxymethyl)-$
$2373-38-8$,$butanedioic acid, 2-sulfo-, 1,4-bis(1,3-dimethylbutyl) ester, sodium salt (1:1)$
$2252-51-9$,$benzoic acid, 2-chloro-4-fluoro-$
$2235-43-0$,$phosphonic acid, p,p',p''-[nitrilotris(methylene)]tris-, sodium salt (1:5)$
$2207-98-9$,$sulfuric acid, monohexyl ester, sodium salt (1:1)$
$250-72-6$,$pyrrolo[2,3-b]pyrrole$
$31566-31-1$,$octadecanoic acid, monoester with 1,2,3-propanetriol$
$31512-74-0$,$poly[oxy-1,2-ethanediyl(dimethyliminio)-1,2-ethanediyl(dimethyliminio)-1,2-ethanediyl chloride (1:2)]$
$30915-61-8$,$2-butenedioic acid (2z)-, homopolymer, sodium salt$
$30846-35-6$,$formaldehyde, polymer with 4-nonylphenol and oxirane$
$30704-64-4$,$formaldehyde, polymer with 4-(1,1-dimethylethyl)phenol, 2-methyloxirane and oxirane$
$30499-70-8$,$1,3-propanediol, 2-ethyl-2-(hydroxymethyl)-, polymer with 2-(chloromethyl)oxirane$
$29868-05-1$,$ethanol, 2-amino-, phosphate (1:?)$
$29712-30-9$,$phosphonic acid, p,p'-[(dimethylamino)methylene]di-$
$29316-47-0$,$formaldehyde, polymer with 4-(1,1-dimethylethyl)phenol and 2-methyloxirane$
$28906-96-9$,$formaldehyde, polymer with 2-(chloromethyl)oxirane and 4,4'-(1-methylethylidene)bis[phenol]$
$28205-96-1$,$2-propenoic acid, 2-methyl-, polymer with 2-propenoic acid, sodium salt$
$28178-42-9$,$benzene, 2-isocyanato-1,3-bis(1-methylethyl)-$
$27794-93-0$,$phosphonic acid, p,p',p''-[nitrilotris(methylene)]tris-, potassium salt (1:?)$
$27676-62-6$,$1,3,5-triazine-2,4,6(1h,3h,5h)-trione, 1,3,5-tris[[3,5-bis(1,1-dimethylethyl)-4-hydroxyphenyl]methyl]-$
$27636-82-4$,$2,4-imidazolidinedione, (hydroxymethyl)-5,5-dimethyl- (9ci)$
$27306-90-7$,$poly(oxy-1,2-ethanediyl), α-(carboxymethyl)-ω-(dodecyloxy)-$
$27306-79-2$,$poly(oxy-1,2-ethanediyl), α-tetradecyl-ω-hydroxy-$
$27103-90-8$,$ethanaminium, n,n,n-trimethyl-2-[(2-methyl-1-oxo-2-propen-1-yl)oxy]-, methyl sulfate (1:1), homopolymer$
$27070-58-2$,$octadecene$
$3012-65-5$,$1,2,3-propanetricarboxylic acid, 2-hydroxy-, ammonium salt (1:2)$
$2994-71-0$,$cyclobutane, 1,1,2,2,3,4-hexafluoro-3,4-bis(trifluoromethyl)-$
$2783-94-0$,$2-naphthalenesulfonic acid, 6-hydroxy-5-[2-(4-sulfophenyl)diazenyl]-, sodium salt (1:2)$
$306-98-9$,$cyclohexane, 1,1,2,2,3,3,4,4,5,6-decafluoro-5,6-bis(trifluoromethyl)-$
$306-94-5$,$naphthalene, 1,1,2,2,3,3,4,4,4a,5,5,6,6,7,7,8,8,8a-octadecafluorodecahydro-$
$298-14-6$,$carbonic acid, potassium salt (1:1)$
$344329-87-9$,$cyclobutanol, 1-(nitromethyl)-$
$344329-35-7$,$4-piperidinol, 2-methyl-$
$35674-56-7$,$isoquinolinium, 2-(phenylmethyl)-, chloride (1:1)$
$35657-77-3$,$phosphonic acid, p,p',p'',p'''-[[(phosphonomethyl)imino]bis[6,1-hexanediylnitrilobis(methylene)]]tetrakis-, sodium salt (1:?)$
$35429-19-7$,$ethanaminium, n,n,n-trimethyl-2-[(2-methyl-1-oxo-2-propen-1-yl)oxy]-, chloride (1:1), polymer with 2-propenamide$
$35297-54-2$,$formaldehyde, polymer with ammonia and phenol$
$35249-89-9$,$acetic acid, 2-hydroxy-, ammonium salt (1:1)$
$35249-69-5$,$acetic acid, 2,2'-oxybis-, sodium salt (1:2)$
$34398-01-1$,$poly(oxy-1,2-ethanediyl), α-undecyl-ω-hydroxy-$
$34302-65-3$,$propanoic acid, 2-hydroxy-, ammonium salt (1:?)$
$34004-36-9$,$1-propanaminium, 2,3-dihydroxy-n,n,n-trimethyl-, chloride (1:1)$
$32685-17-9$,$glycine, n,n-bis(carboxymethyl)-, ammonium salt (1:3)$
$32612-48-9$,$poly(oxy-1,2-ethanediyl), α-sulfo-ω-(dodecyloxy)-, ammonium salt (1:1)$
$31570-04-4$,$phenol, 2,4-bis(1,1-dimethylethyl)-, 1,1',1''-phosphite$
$3567-66-6$,$2,7-naphthalenedisulfonic acid, 5-amino-4-hydroxy-3-(2-phenyldiazenyl)-, sodium salt (1:2)$
$3452-07-1$,$1-eicosene$
$3327-22-8$,$1-propanaminium, 3-chloro-2-hydroxy-n,n,n-trimethyl-, chloride (1:1)$
$3252-43-5$,$acetonitrile, 2,2-dibromo-$
$355-04-4$,$pentane, 1,1,1,2,2,3,3,4,5,5,5-undecafluoro-4-(trifluoromethyl)-$
$355-02-2$,$cyclohexane, 1,1,2,2,3,3,4,4,5,5,6-undecafluoro-6-(trifluoromethyl)-$
$354-97-2$,$pentane, 1,1,1,2,2,3,4,5,5,5-decafluoro-3-(1,1,2,2,2-pentafluoroethyl)-4-(trifluoromethyl)-$
$354-96-1$,$butane, 1,1,1,2,3,4,4,4-octafluoro-2,3-bis(trifluoromethyl)-$
$344-38-7$,$benzene, 4-bromo-1-nitro-2-(trifluoromethyl)-$
$335-27-3$,$cyclohexane, 1,1,2,2,3,3,4,5,5,6-decafluoro-4,6-bis(trifluoromethyl)-$
$335-21-7$,$cyclohexane, 1,1,2,2,3,3,4,4,5,5,6-undecafluoro-6-(1,1,2,2,2-pentafluoroethyl)-$
$40601-76-1$,$1,3,5-triazine-2,4,6(1h,3h,5h)-trione, 1,3,5-tris[[4-(1,1-dimethylethyl)-3-hydroxy-2,6-dimethylphenyl]methyl]-$
$40139-72-8$,$benzenesulfonic acid, dodecyl-, compd. with n1-(2-aminoethyl)-1,2-ethanediamine (1:?)$
$39322-78-6$,$phosphoric acid, dodecyl ester, potassium salt$
$38820-59-6$,$phosphonic acid, p,p'-[1,6-hexanediylbis[nitrilobis(methylene)]]tetrakis-, potassium salt (1:?)$
$38640-62-9$,$naphthalene, bis(1-methylethyl)-$
$38172-91-7$,$2-propyn-1-ol, compd. with 2-methyloxirane (1:?)$
$38011-25-5$,$glycine, n,n'-1,2-ethanediylbis-, sodium salt (1:2)$
$37971-36-1$,$1,2,4-butanetricarboxylic acid, 2-phosphono-$
$37475-88-0$,$benzenesulfonic acid, (1-methylethyl)-, ammonium salt (1:1)$
$37337-65-8$,$formaldehyde, polymer with phenol and 1,3,5,7-tetraazatricyclo[3.3.1.13,7]decane$
$37251-67-5$,$oxirane, 2-methyl-, polymer with oxirane, monodecyl ether$
$36089-45-9$,$2-propenoic acid, 2-ethylhexyl ester, polymer with 2-hydroxyethyl 2-propenoate$
$35691-65-7$,$pentanedinitrile, 2-bromo-2-(bromomethyl)-$
$4080-31-3$,$3,5,7-triaza-1-azoniatricyclo[3.3.1.13,7]decane, 1-(3-chloro-2-propen-1-yl)-, chloride (1:1)$
$4067-16-7$,$3,6,9,12-tetraazatetradecane-1,14-diamine$
$3926-62-3$,$acetic acid, 2-chloro-, sodium salt (1:1)$
$3844-45-9$,$benzenemethanaminium, n-ethyl-n-[4-[[4-[ethyl[(3-sulfophenyl)methyl]amino]phenyl](2-sulfophenyl)methylene]-2,5-cyclohexadien-1-ylidene]-3-sulfo-, inner salt, sodium salt (1:2)$
$3794-83-0$,$phosphonic acid, p,p'-(1-hydroxyethylidene)bis-, sodium salt (1:4)$
$3734-67-6$,$2,7-naphthalenedisulfonic acid, 5-(acetylamino)-4-hydroxy-3-(2-phenyldiazenyl)-, sodium salt (1:2)$
$3690-05-9$,$phenol, 4-(3-hydroxy-1-propen-1-yl)-$
$423-02-9$,$cyclohexane, 1,1,2,2,3,3,4,4,5,5,6-undecafluoro-6-[1,2,2,2-tetrafluoro-1-(trifluoromethyl)ethyl]-$
$385-00-2$,$benzoic acid, 2,6-difluoro-$
$374-77-6$,$cyclohexane, 1,1,2,2,3,4,4,5,5,6-decafluoro-3,6-bis(trifluoromethyl)-$
$374-76-5$,$cyclohexane, 1,1,2,3,3,4,5,5,6-nonafluoro-2,4,6-tris(trifluoromethyl)-$
$374-59-4$,$cyclohexane, 1,1,2,2,3,3,4,4,5,5,6-undecafluoro-6-(1,1,2,2,3,3,3-heptafluoropropyl)-$
$51404-69-4$,$acetic acid, lead salt, basic$
$51200-87-4$,$oxazolidine, 4,4-dimethyl-$
$50285-18-2$,$pentane, 1,1,1,2,2,3,4,5,5,5-decafluoro-3-[1,2,2,2-tetrafluoro-1-(trifluoromethyl)ethyl]-4-(trifluoromethyl)-$
$44992-01-0$,$ethanaminium, n,n,n-trimethyl-2-[(1-oxo-2-propen-1-yl)oxy]-, chloride (1:1)$
$42615-29-2$,$benzenesulfonic acid, alkyl derivs.$
$5165-97-9$,$1-propanesulfonic acid, 2-methyl-2-[(1-oxo-2-propen-1-yl)amino]-, sodium salt (1:1)$
$5131-66-8$,$2-propanol, 1-butoxy-$
$4862-18-4$,$acetamide, 2,2',2''-nitrilotris-$
$4719-04-4$,$1,3,5-triazine-1,3,5(2h,4h,6h)-triethanol$
$4712-55-4$,$phosphonic acid, diphenyl ester$
$515-98-0$,$propanoic acid, 2-hydroxy-, ammonium salt (1:1)$
$504-63-2$,$1,3-propanediol$
$486-66-8$,$4h-1-benzopyran-4-one, 7-hydroxy-3-(4-hydroxyphenyl)-$
$471-34-1$,$carbonic acid calcium salt (1:1)$
$456-22-4$,$benzoic acid, 4-fluoro-$
$455-40-3$,$benzoic acid, 3,5-difluoro-$
$455-24-3$,$benzoic acid, 4-(trifluoromethyl)-$
$454-92-2$,$benzoic acid, 3-(trifluoromethyl)-$
$446-30-0$,$benzoic acid, 4-chloro-2-fluoro-$
$446-17-3$,$benzoic acid, 2,4,5-trifluoro-$
$445-29-4$,$benzoic acid, 2-fluoro-$
$433-97-6$,$benzoic acid, 2-(trifluoromethyl)-$
$50-70-4$,$d-glucitol$
$50-28-2$,$estra-1,3,5(10)-triene-3,17-diol (17β)-$
$50-21-5$,$propanoic acid, 2-hydroxy-$
$124465-55-0$,$methanone, (2a,3-dihydrobenz[cd]indol-1(2h)-yl)phenyl-$
$55965-84-9$,$3(2h)-isothiazolone, 5-chloro-2-methyl-, mixt. with 2-methyl-3(2h)-isothiazolone$
$55636-09-4$,$1,3-propanediaminium, 2-hydroxy-n1,n1,n1,n3,n3,n3-hexamethyl-, chloride (1:2)$
$54300-24-2$,$ethanol, 2-amino-, acetate (1:1)$
$52255-49-9$,$2-propenoic acid, polymer with 2,5-furandione, sodium salt$
$51811-79-1$,$poly(oxy-1,2-ethanediyl), α-(nonylphenyl)-ω-hydroxy-, phosphate$
$5508-58-7$,$2(3h)-furanone, 3-[2-[(1r,4as,5r,6r,8as)-decahydro-6-hydroxy-5-(hydroxymethyl)-5,8a-dimethyl-2-methylene-1-naphthalenyl]ethylidene]dihydro-4-hydroxy-, (3e,4s)-$
$5444-75-7$,$benzoic acid, 2-ethylhexyl ester$
$5421-46-5$,$acetic acid, 2-mercapto-, ammonium salt (1:1)$
$5332-73-0$,$1-propanamine, 3-methoxy-$
$5324-84-5$,$1-octanesulfonic acid, sodium salt (1:1)$
$557-04-0$,$octadecanoic acid, magnesium salt (2:1)$
$556-67-2$,$cyclotetrasiloxane, 2,2,4,4,6,6,8,8-octamethyl-$
$546-93-0$,$carbonic acid, magnesium salt (1:1)$
$542-75-6$,$1-propene, 1,3-dichloro-$
$541-02-6$,$cyclopentasiloxane, 2,2,4,4,6,6,8,8,10,10-decamethyl-$
$540-97-6$,$cyclohexasiloxane, 2,2,4,4,6,6,8,8,10,10,12,12-dodecamethyl-$
$532-32-1$,$benzoic acid, sodium salt (1:1)$
$527-07-1$,$d-gluconic acid, sodium salt (1:1)$
$526-95-4$,$d-gluconic acid$
$526-73-8$,$benzene, 1,2,3-trimethyl-$
$56-85-9$,$l-glutamine$
$56-40-6$,$glycine$
$52-51-7$,$1,3-propanediol, 2-bromo-2-nitro-$
$61791-44-4$,$ethanol, 2,2'-iminobis-, n-tallow alkyl derivs.$
$61791-00-2$,$fatty acids, tall-oil, ethoxylated$
$61790-53-2$,$diatomite$
$61789-40-0$,$1-propanaminium, 3-amino-n-(carboxymethyl)-n,n-dimethyl-, n-coco acyl derivs., inner salts$
$61789-39-7$,$1-propanaminium, 3-amino-n-(carboxymethyl)-n,n-dimethyl-, n-coco acyl derivs., chlorides, sodium salts$
$61788-93-0$,$amines, coco alkyldimethyl$
$61079-72-9$,$benzoic acid, 2,3,4-trifluoro-$
$60828-78-6$,$poly(oxy-1,2-ethanediyl), α-[3,5-dimethyl-1-(2-methylpropyl)hexyl]-ω-hydroxy-$
$60676-90-6$,$zirconium, tetrakis[2-(hydroxy-κo)propanoato-κo]-$
$60676-86-0$,$silica, vitreous$
$58160-99-9$,$silanetriol, 1-(3-aminopropyl)-$
$57116-45-7$,$1-aziridinepropanoic acid, 1,1'-[2-[[3-(1-aziridinyl)-1-oxopropoxy]methyl]-2-(hydroxymethyl)-1,3-propanediyl] ester$
$57018-52-7$,$2-propanol, 1-(1,1-dimethylethoxy)-$
$6055-52-3$,$1,6-hexanediamine, hydrochloride (1:2)$
$5989-81-1$,$α-d-glucopyranose, 4-o-β-d-galactopyranosyl-, hydrate (1:1)$
$5877-42-9$,$1-octyn-3-ol, 4-ethyl-$
$5789-27-5$,$4-imidazolidinone, 5-methylene-3-phenyl-2-thioxo-$
$603-35-0$,$phosphine, triphenyl-$
$593-81-7$,$methanamine, n,n-dimethyl-, hydrochloride (1:1)$
$116-53-0$,$butanoic acid, 2-methyl-$
$60-00-4$,$glycine, n,n'-1,2-ethanediylbis[n-(carboxymethyl)-$
$57-50-1$,$α-d-glucopyranoside, β-d-fructofuranosyl$
$57-13-6$,$urea$
$56-93-9$,$benzenemethanaminium, n,n,n-trimethyl-, chloride (1:1)$
$56-86-0$,$l-glutamic acid$
$65094-22-6$,$phosphonic acid, p-(bromodifluoromethyl)-, diethyl ester$
$64742-65-0$,$distillates (petroleum), solvent-dewaxed heavy paraffinic$
$64425-86-1$,$ethoxylated c13-15 alcohols$
$64057-57-4$,$ethaneperoxoic acid, sodium salt (1:1)$
$63428-92-2$,$formaldehyde, polymer with 2-methyloxirane, 4-nonylphenol and oxirane$
$63428-91-1$,$formaldehyde, polymer with 4-(1,1-dimethylpropyl)phenol, 2-methyloxirane and oxirane$
$62763-89-7$,$quinoline, 2-methyl-, hydrochloride (1:1)$
$62099-15-4$,$glycine, n-[2-[(carboxymethyl)amino]ethyl]-n-(2-hydroxyethyl)-, disodium salt (9ci)$
$62010-10-0$,$zirconium oxide sulfate (zr5o8(so4)2)$
$61827-42-7$,$poly(oxy-1,2-ethanediyl), α-isodecyl-ω-hydroxy-$
$27193-28-8$,$phenol, (1,1,3,3-tetramethylbutyl)-$
$6484-52-2$,$nitric acid ammonium salt (1:1)$
$6440-58-0$,$2,4-imidazolidinedione, 1,3-bis(hydroxymethyl)-5,5-dimethyl-$
$6410-41-9$,$2-naphthalenecarboxamide, n-(5-chloro-2,4-dimethoxyphenyl)-4-[2-[5-[(diethylamino)sulfonyl]-2-methoxyphenyl]diazenyl]-3-hydroxy-$
$6317-18-6$,$thiocyanic acid, c,c'-methylene ester$
$6305-04-0$,$ethanone, 2-chloro-1-(4-hydroxyphenyl)-$
$637-39-8$,$ethanol, 2,2',2''-nitrilotris-, hydrochloride (1:1)$
$629-73-2$,$1-hexadecene$
$629-11-8$,$1,6-hexanediol$
$627-93-0$,$hexanedioic acid, 1,6-dimethyl ester$
$625-45-6$,$acetic acid, 2-methoxy-$
$623-50-7$,$acetic acid, 2-hydroxy-, ethyl ester$
$64-69-7$,$acetic acid, 2-iodo-$
$63-65-0$,$benzeneethanamine, n,3,4-trimethoxy-α-methyl-$
$62-53-3$,$benzenamine$
$681130-15-4$,$piperidine, 4-(4-fluorobenzoyl)-1-[(2-methyl-3-furanyl)carbonyl]- (9ci)$
$68133-47-1$,$1,3-propanediol, 2-amino-2-(hydroxymethyl)-, polymer with 2-methyloxirane and oxirane$
$68130-99-4$,$aziridine, homopolymer, ethoxylated$
$68081-98-1$,$sulfuric acid, mono-c14-18-alkyl esters, sodium salts$
$68081-81-2$,$benzenesulfonic acid, mono-c10-16-alkyl derivs., sodium salts$
$68037-49-0$,$sulfonic acids, c10-18-alkanesulfonic, sodium salts$
$68037-13-8$,$1-propene, 2-methyl-, trimer, sulfurized$
$68036-95-3$,$oxirane, 2-methyl-, polymer with oxirane, ether with 2-(chloromethyl)oxirane polymer with 4,4'-(1-methylethylidene)bis[phenol]$
$68015-67-8$,$poly(oxy-1,2-ethanediyl), α-(2,3,4,5-tetramethylnonyl)-ω-hydroxy-$
$67989-88-2$,$cuprate(2-), [[n,n'-1,2-ethanediylbis[n-[(carboxy-κo)methyl]glycinato-κn,κo]](4-)]-, diammonium (1:2), (oc-6-21)-$
$67762-41-8$,$alcohols, c10-16$
$67674-67-3$,$poly(oxy-1,2-ethanediyl), α-[3-[1,3,3,3-tetramethyl-1-[(trimethylsilyl)oxy]-1-disiloxanyl]propyl]-ω-hydroxy-$
$67515-55-3$,$benzoic acid, 4-fluoro-3-(trifluoromethyl)-$
$66085-00-5$,$isooctadecanoic acid, monoester with 1,2,3-propanetriol$
$66034-17-1$,$diphosphoric acid, compd. with piperazine (1:1)$
$65997-17-3$,$glass, oxide, chemicals$
$65545-80-4$,$poly(oxy-1,2-ethanediyl), α-hydro-ω-hydroxy-, ether with α-fluoro-ω-(2-hydroxyethyl)poly(difluoromethylene) (1:1)$
$65447-77-0$,$butanedioic acid, 1,4-dimethyl ester, polymer with 4-hydroxy-2,2,6,6-tetramethyl-1-piperidineethanol$
$6743-01-7$,$benzoic acid, 4-[[(2,3,6,7-tetrahydro-1,3,7-trimethyl-2,6-dioxo-1h-purin-8-yl)methyl]amino]-, methyl ester$
$6742-94-5$,$ethanone, 1-[(5α,17β)-17-(acetyloxy)-3-[(difluoroboryl)oxy]androst-2-en-2-yl]- (9ci)$
$6625-46-3$,$2,7-naphthalenedisulfonic acid, 5-(acetylamino)-4-hydroxy-3-[2-(2-methoxyphenyl)diazenyl]-, sodium salt (1:2)$
$657-84-1$,$benzenesulfonic acid, 4-methyl-, sodium salt (1:1)$
$68-04-2$,$1,2,3-propanetricarboxylic acid, 2-hydroxy-, sodium salt (1:3)$
$67-64-1$,$2-propanone$
$67-03-8$,$thiazolium, 3-[(4-amino-2-methyl-5-pyrimidinyl)methyl]-5-(2-hydroxyethyl)-4-methyl-, chloride, hydrochloride (1:1:1)$
$68603-15-6$,$alcohols, c6-12$
$68586-07-2$,$boric acid (h3bo3), compd. with 2-aminoethanol (1:1)$
$68585-47-7$,$sulfuric acid, mono-c10-16-alkyl esters, sodium salts$
$68585-34-2$,$poly(oxy-1,2-ethanediyl), α-sulfo-ω-hydroxy-, c10-16-alkyl ethers, sodium salts$
$68551-20-2$,$isoalkanes, c13-16$
$68551-19-9$,$alkanes, c12-14-iso-$
$68526-86-3$,$alcohols, c11-14-isoalcohols, c13-rich$
$68526-85-2$,$alcohols, c9-11-iso-, c10-rich$
$68526-83-0$,$alcohols, c7-9-iso-, c8-rich$
$68514-28-3$,$humic acids, potassium salts$
$68476-25-5$,$feldspar-group minerals$
$68439-70-3$,$amines, c12-16-alkyldimethyl$
$68424-95-3$,$quaternary ammonium compounds, di-c8-10-alkyldimethyl, chlorides$
$68411-31-4$,$benzenesulfonic acid, c10-13-alkyl derivs., compds. with triethanolamine$
$68400-71-5$,$2-butenedioic acid (2e)-, polymer with 2-methyloxirane, oxirane and 1,2,3-propanetriol$
$68400-07-7$,$silanetriol, (3-aminopropyl)-, homopolymer$
$68334-55-4$,$1-propanaminium, 2-hydroxy-n,n,n-trimethyl-3-(tridecyloxy)-, chloride (1:1)$
$68299-02-5$,$acetic acid, 2-hydroxy-, compd. with 2,2',2''-nitrilotris[ethanol] (1:1)$
$68213-24-1$,$alcohols, c12-16, ethoxylated propoxylated$
$68188-99-8$,$formaldehyde, polymer with 4-(1,1-dimethylethyl)phenol, 2-methyloxirane, 4-nonylphenol and oxirane$
$68171-29-9$,$ethanol, 2,2',2''-nitrilotris-, 1,1',1''-tris(dihydrogen phosphate), sodium salt (1:?)$
$68155-78-2$,$phosphonic acid, p,p',p'',p'''-[[(phosphonomethyl)imino]bis[2,1-ethanediylnitrilobis(methylene)]]tetrakis-, sodium salt (1:7)$
$68155-39-5$,$amines, c14-18 and c16-18-unsatd. alkyl, ethoxylated$
$68155-07-7$,$amides, c8-18 and c18-unsatd., n,n-bis(hydroxyethyl)$
$68139-30-0$,$1-propanaminium, n-(3-aminopropyl)-2-hydroxy-n,n-dimethyl-3-sulfo-, n-coco acyl derivs., inner salts$
$71264-32-9$,$glycine, n,n-bis(carboxymethyl)-, ammonium salt (1:2)$
$71060-57-6$,$alcohols, c8-10, ethoxylated$
$70714-66-8$,$phosphonic acid, p,p',p'',p'''-[[(phosphonomethyl)imino]bis[2,1-ethanediylnitrilobis(methylene)]]tetrakis-, ammonium salt (1:?)$
$70624-18-9$,$1,6-hexanediamine, n1,n6-bis(2,2,6,6-tetramethyl-4-piperidinyl)-, polymer with 2,4,6-trichloro-1,3,5-triazine, reaction products with 2,4,4-trimethyl-2-pentanamine$
$70161-44-3$,$glycine, n-(hydroxymethyl)-, sodium salt (1:1)$
$68991-52-6$,$alkenes, c10-16$
$68956-56-9$,$hydrocarbons, terpene processing by-products$
$68937-66-6$,$alcohols, c6-12, ethoxylated propoxylated$
$68915-31-1$,$polyphosphoric acids, sodium salts$
$68910-46-3$,$sulfonic acids, c12-14-2-alkene$
$68909-81-9$,$isoquinoline, reaction products with 1-(chloromethyl)naphthalene and quinoline$
$68815-65-6$,$1,2-ethanediamine, n1-(2-aminoethyl)-n2-[2-[(2-aminoethyl)amino]ethyl]-, polymer with 2-methyloxirane and oxirane$
$68649-44-5$,$ethanol, 2-amino-, reaction products with ammonia, by-products from, phosphonomethylated$
$68648-89-5$,$benzene, ethenyl-, polymer with 2-methyl-1,3-butadiene, hydrogenated$
$68648-87-3$,$benzene, c10-16-alkyl derivs.$
$68648-81-7$,$benzenesulfonic acid, mono-c10-16 alkyl derivs., compds. with 2-propanamine$
$68611-44-9$,$silane, dichlorodimethyl-, reaction products with silica$
$68603-25-8$,$alcohols, c8-10, ethoxylated propoxylated$
$68511-20-6$,$ethanol, 2-phenoxy-, phosphate, potassium salt$
$7006-59-9$,$ethanaminium, 2-hydroxy-n,n-bis(2-hydroxyethyl)-n-methyl-, chloride (1:1)$
$71-43-2$,$benzene$
$71-36-3$,$1-butanol$
$71-23-8$,$1-propanol$
$69-53-4$,$4-thia-1-azabicyclo[3.2.0]heptane-2-carboxylic acid, 6-[[(2r)-2-amino-2-phenylacetyl]amino]-3,3-dimethyl-7-oxo-, (2s,5r,6r)-$
$73772-46-0$,$1-propanaminium, n-(carboxymethyl)-n,n-dimethyl-3-[(1-oxooctyl)amino]-, inner salt$
$73232-52-7$,$morphinanium, 17-(cyclopropylmethyl)-4,5-epoxy-3,14-dihydroxy-17-methyl-6-oxo-, bromide (1:1), (5α)-$
$73138-29-1$,$alkanes, c10-18$
$73070-48-1$,$phosphoric acid, 2-ethylhexyl ester, compd. with 2,2'-iminobis[ethanol]$
$73049-73-7$,$peptones$
$73003-80-2$,$propanediamide, 2,2-dibromo-$
$72283-36-4$,$oxirane, 2-methyl-, polymer with oxirane, mono-(9z)-9-octadecenoate, methyl ether$
$7446-11-9$,$sulfur trioxide$
$7446-09-5$,$sulfur dioxide$
$7440-67-7$,$zirconium$
$7440-44-0$,$carbon$
$7440-38-2$,$arsenic$
$7440-23-5$,$sodium$
$7440-21-3$,$silicon$
$7440-09-7$,$potassium$
$7440-02-0$,$nickel$
$7439-89-6$,$iron$
$7429-90-5$,$aluminum$
$7398-69-8$,$2-propen-1-aminium, n,n-dimethyl-n-2-propen-1-yl-, chloride (1:1)$
$7376-31-0$,$ethanol, 2,2',2''-nitrilotris-, sulfate (1:?)$
$74-98-6$,$propane$
$74-87-3$,$methane, chloro-$
$74-84-0$,$ethane$
$72-17-3$,$propanoic acid, 2-hydroxy-, sodium salt (1:1)$
$75673-43-7$,$oxazolidine, 3,4,4-trimethyl-$
$74499-34-6$,$alcohols, c12-15, propoxylated$
$7664-93-9$,$sulfuric acid$
$7647-15-6$,$sodium bromide (nabr)$
$7646-85-7$,$zinc chloride (zncl2)$
$7646-79-9$,$cobalt chloride (cocl2)$
$7632-50-0$,$1,2,3-propanetricarboxylic acid, 2-hydroxy-, ammonium salt (1:?)$
$7632-00-0$,$nitrous acid, sodium salt (1:1)$
$7631-99-4$,$nitric acid sodium salt (1:1)$
$7631-95-0$,$molybdate (moo42-), sodium (1:2), (t-4)-$
$7487-88-9$,$sulfuric acid magnesium salt (1:1)$
$7486-39-7$,$hexanedioic acid, magnesium salt (1:1)$
$7446-81-3$,$2-propenoic acid, sodium salt (1:1)$
$7446-19-7$,$sulfuric acid, zinc salt (1:1), monohydrate (8ci,9ci)$
$763-69-9$,$propanoic acid, 3-ethoxy-, ethyl ester$
$758-12-3$,$acetic acid-d (6ci,7ci,8ci,9ci)$
$75-56-9$,$oxirane, 2-methyl-$
$75-52-5$,$methane, nitro-$
$75-50-3$,$methanamine, n,n-dimethyl-$
$75-31-0$,$2-propanamine$
$75-28-5$,$propane, 2-methyl-$
$75-21-8$,$oxirane$
$75-09-2$,$methane, dichloro-$
$75-08-1$,$ethanethiol$
$7778-18-9$,$sulfuric acid, calcium salt (1:1)$
$7775-19-1$,$boric acid (hbo2), sodium salt (1:1)$
$7775-09-9$,$chloric acid, sodium salt (1:1)$
$7774-34-7$,$calcium chloride (cacl2), hexahydrate (9ci)$
$7772-99-8$,$tin chloride (sncl2)$
$7758-99-8$,$sulfuric acid copper(2+) salt (1:1), hydrate (1:5)$
$7758-89-6$,$copper chloride (cucl)$
$7758-87-4$,$phosphoric acid, calcium salt (2:3)$
$7758-29-4$,$triphosphoric acid, sodium salt (1:5)$
$7757-79-1$,$nitric acid potassium salt (1:1)$
$7733-02-0$,$sulfuric acid, zinc salt (1:1)$
$7727-43-7$,$sulfuric acid, barium salt (1:1)$
$7722-76-1$,$phosphoric acid, ammonium salt (1:1)$
$7720-78-7$,$sulfuric acid, iron(2+) salt (1:1)$
$7718-54-9$,$nickel chloride (nicl2)$
$7704-73-6$,$2-butenedioic acid (2e)-, sodium salt (1:?)$
$7704-34-9$,$sulfur$
$7699-43-6$,$zirconium, dichlorooxo-$
$7681-57-4$,$disulfurous acid, sodium salt (1:2)$
$7681-53-0$,$phosphinic acid, sodium salt (1:1)$
$7681-38-1$,$sulfuric acid, sodium salt (1:1)$
$77-89-4$,$1,2,3-propanetricarboxylic acid, 2-(acetyloxy)-, 1,2,3-triethyl ester$
$77-71-4$,$2,4-imidazolidinedione, 5,5-dimethyl-$
$77-49-6$,$1,3-propanediol, 2-methyl-2-nitro-$
$78330-23-1$,$alcohols, c11-14-iso-, c13-rich, ethoxylated propoxylated$
$78330-20-8$,$alcohols, c9-11-iso-, c10-rich, ethoxylated$
$78330-19-5$,$alcohols, c7-9-iso-, c8-rich, ethoxylated$
$78266-09-8$,$2-propenoic acid, polymer with sodium 2-hydroxy-3-(2-propen-1-yloxy)-1-propanesulfonate (1:1)$
$7790-92-3$,$hypochlorous acid$
$7789-41-5$,$calcium bromide (cabr2)$
$7789-20-0$,$water-d2$
$7786-81-4$,$sulfuric acid, nickel(2+) salt (1:1)$
$7786-30-3$,$magnesium chloride (mgcl2)$
$7783-28-0$,$phosphoric acid, ammonium salt (1:2)$
$7783-18-8$,$thiosulfuric acid (h2s2o3), ammonium salt (1:2)$
$7782-63-0$,$sulfuric acid, iron(2+) salt, heptahydrate (1:1:7)$
$7782-42-5$,$graphite$
$7778-80-5$,$sulfuric acid potassium salt (1:2)$
$7778-77-0$,$phosphoric acid, potassium salt (1:1)$
$7778-54-3$,$hypochlorous acid, calcium salt (2:1)$
$7778-50-9$,$chromic acid (h2cr2o7), potassium salt (1:2)$
$79-14-1$,$acetic acid, 2-hydroxy-$
$79-10-7$,$2-propenoic acid$
$78-96-6$,$2-propanol, 1-amino-$
$78-83-1$,$1-propanol, 2-methyl-$
$78-78-4$,$butane, 2-methyl-$
$78-73-9$,$ethanaminium, 2-hydroxy-n,n,n-trimethyl-, carbonate (1:1)$
$78-70-6$,$1,6-octadien-3-ol, 3,7-dimethyl-$
$78-21-7$,$morpholinium, 4-ethyl-4-hexadecyl-, ethyl sulfate (1:1)$
$856867-39-5$,$2-oxazolidinone, 3-[3-fluoro-4-[6-(2-methyl-2h-tetrazol-5-yl)-3-pyridinyl]phenyl]-5-[(phosphonooxy)methyl]-, sodium salt (1:2), (5r)-$
$86438-79-1$,$mirataine cb$
$84852-15-3$,$phenol, 4-nonyl-, branched$
$82469-79-2$,$1,2,3-propanetricarboxylic acid, 2-(1-oxobutoxy)-, 1,2,3-trihexyl ester$
$8061-52-7$,$lignosulfonic acid, calcium salt$
$8061-51-6$,$lignosulfonic acid, sodium salt$
$8052-41-3$,$stoddard solvent$
$8043-29-6$,$tegin m$
$8012-95-1$,$paraffin oils$
$8009-03-8$,$petrolatum$
$8003-22-3$,$c.i. solvent yellow 33$
$8002-43-5$,$lecithins$
$8001-79-4$,$castor oil$
$8001-78-3$,$hydrogenated castor oil$
$867-56-1$,$propanoic acid, 2-hydroxy-, sodium salt (1:1), (2s)-$
$818-61-1$,$2-propenoic acid, 2-hydroxyethyl ester$
$814-80-2$,$propanoic acid, 2-hydroxy-, calcium salt (2:1)$
$81-88-9$,$xanthylium, 9-(2-carboxyphenyl)-3,6-bis(diethylamino)-, chloride (1:1)$
$80-08-0$,$benzenamine, 4,4'-sulfonylbis-$
$80-05-7$,$phenol, 4,4'-(1-methylethylidene)bis-$
$79-33-4$,$propanoic acid, 2-hydroxy-, (2s)-$
$90036-35-4$,$2h-pyrrole-5-carbonitrile, 3,4-dihydro-4-methyl-$
$9005-66-7$,$sorbitan, monohexadecanoate, poly(oxy-1,2-ethanediyl) derivs.$
$9005-64-5$,$sorbitan, monododecanoate, poly(oxy-1,2-ethanediyl) derivs.$
$9005-25-8$,$starch$
$9004-99-3$,$poly(oxy-1,2-ethanediyl), α-(1-oxooctadecyl)-ω-hydroxy-$
$9004-98-2$,$poly(oxy-1,2-ethanediyl), α-(9z)-9-octadecen-1-yl-ω-hydroxy-$
$9004-82-4$,$poly(oxy-1,2-ethanediyl), α-sulfo-ω-(dodecyloxy)-, sodium salt (1:1)$
$9004-62-0$,$cellulose, 2-hydroxyethyl ether$
$9004-54-0$,$dextran$
$9004-53-9$,$dextrin$
$9004-32-4$,$cellulose, carboxymethyl ether, sodium salt$
$9003-77-4$,$2-propenoic acid, 2-ethylhexyl ester, homopolymer$
$9003-39-8$,$2-pyrrolidinone, 1-ethenyl-, homopolymer$
$9003-29-6$,$butene, homopolymer$
$9003-07-0$,$1-propene, homopolymer$
$9003-01-4$,$2-propenoic acid, homopolymer$
$9002-98-6$,$aziridine, homopolymer$
$9002-89-5$,$ethenol, homopolymer$
$9002-88-4$,$ethene, homopolymer$
$9002-85-1$,$ethene, 1,1-dichloro-, homopolymer$
$9001-32-5$,$fibrinogens$
$9000-11-7$,$cellulose, carboxymethyl ether$
$872-50-4$,$2-pyrrolidinone, 1-methyl-$
$870-72-4$,$methanesulfonic acid, 1-hydroxy-, sodium salt (1:1)$
$88-04-0$,$phenol, 4-chloro-3,5-dimethyl-$
$97953-25-8$,$2-propenoic acid, telomer with sodium 2-methyl-2-[(1-oxo-2-propen-1-yl)amino]-1-propanesulfonate (1:1) and sodium sulfite (1:1), sodium salt$
$94525-01-6$,$aspartic acid, homopolymer, sodium salt$
$94441-92-6$,$β-alanine, n-(2-carboxyethyl)-n-(2-ethylhexyl)-, sodium salt (1:1)$
$93858-78-7$,$1,2,4-butanetricarboxylic acid, 2-phosphono-, potassium salt (1:?)$
$93213-74-2$,$benzene, 2-(bromomethyl)-1,3-dinitro-$
$9063-06-3$,$oxirane, 2-methyl-, polymer with oxirane, monomethyl ether$
$9052-95-3$,$benzene, diethenyl-, polymer with ethenylbenzene and ethenylethylbenzene$
$9046-01-9$,$poly(oxy-1,2-ethanediyl), α-tridecyl-ω-hydroxy-, phosphate$
$9016-87-9$,$isocyanic acid, polymethylenepolyphenylene ester$
$9014-85-1$,$poly(oxy-1,2-ethanediyl), α,α'-[1,4-dimethyl-1,4-bis(2-methylpropyl)-2-butyne-1,4-diyl]bis[ω-hydroxy-$
$9010-77-9$,$2-propenoic acid, polymer with ethene$
$9005-84-9$,$amylodextrin$
$919-30-2$,$1-propanamine, 3-(triethoxysilyl)-$
$915-67-3$,$2,7-naphthalenedisulfonic acid, 3-hydroxy-4-[2-(4-sulfo-1-naphthalenyl)diazenyl]-, sodium salt (1:3)$
$98-11-3$,$benzenesulfonic acid$
$98-00-0$,$2-furanmethanol$
$97-64-3$,$propanoic acid, 2-hydroxy-, ethyl ester$
$96-14-0$,$pentane, 3-methyl-$
$93-83-4$,$9-octadecenamide, n,n-bis(2-hydroxyethyl)-, (9z)-$
$92-52-4$,$1,1'-biphenyl$
$91-63-4$,$quinoline, 2-methyl-$
$91-22-5$,$quinoline$
$99439-28-8$,$quartz-beta (sio2) (9ci)$
$83446-68-8$,$1-propanesulfonic acid, 2-methyl-2-[(1-oxo-2-propen-1-yl)amino]-, polymer with 2-propenamide, sodium salt$
$78330-21-9$,$alcohols, c11-14-isoalcohols, c13-rich, ethoxylated$
$68002-97-1$,$alcohols, c10-16, ethoxylated$
$64742-94-5$,$solvent naphtha (petroleum), heavy arom.$
$64742-47-8$,$distillates (petroleum), hydrotreated light$
$25322-68-3$,$poly(oxy-1,2-ethanediyl), α-hydro-ω-hydroxy-$
$16481-66-6$,$boric acid (hbo2), potassium salt, hydrate (3:4) (8ci,9ci)$
$12045-78-2$,$boron potassium oxide (b4k2o7), tetrahydrate$
$10486-00-7$,$perboric acid (hbo(o2)), sodium salt, hydrate (1:1:4)$
$9051-89-2$,$1,4-dioxane-2,5-dione, 3,6-dimethyl-, (3r,6r)-, polymer with rel-(3r,6s)-3,6-dimethyl-1,4-dioxane-2,5-dione and (3s,6s)-3,6-dimethyl-1,4-dioxane-2,5-dione$
$9025-56-3$,$hemicellulase$
$9005-65-6$,$sorbitan, mono-(9z)-9-octadecenoate, poly(oxy-1,2-ethanediyl) derivs.$
$9004-77-7$,$poly(oxy-1,2-ethanediyl), α-butyl-ω-hydroxy-$
$9002-84-0$,$ethene, 1,1,2,2-tetrafluoro-, homopolymer$
$8007-43-0$,$sorbitan, (9z)-9-octadecenoate (2:3)$
$1332-77-0$,$boron potassium oxide (b4k2o7)$
$1330-43-4$,$boron sodium oxide (b4na2o7)$
$1302-93-8$,$mullite (al6o5(sio4)2)$
$1302-78-9$,$bentonite$
$98-86-2$,$ethanone, 1-phenyl-$
$98-83-9$,$benzene, (1-methylethenyl)-$
$98-82-8$,$benzene, (1-methylethyl)-$
$68130-15-4$,$guar gum, carboxymethyl 2-hydroxypropyl ether, sodium salt$
$66455-15-0$,$alcohols, c10-14, ethoxylated$
$66402-68-4$,$ceramic materials and wares, chemicals$
$64742-96-7$,$solvent naphtha (petroleum), heavy aliph.$
$64742-48-9$,$naphtha (petroleum), hydrotreated heavy$
$64741-85-1$,$raffinates (petroleum), sorption process$
$64741-44-2$,$distillates (petroleum), straight-run middle$
$63148-62-9$,$polysiloxanes, di-me$
$61791-14-8$,$amines, coco alkyl, ethoxylated$
$61790-12-3$,$fatty acids, tall-oil$
$61789-77-3$,$quaternary ammonium compounds, dicoco alkyldimethyl, chlorides$
$61723-83-9$,$poly(oxy-1,2-ethanediyl), α-hydro-ω-hydroxy-, ether with d-glucitol (2:1), tetra-(9z)-9-octadecenoate$
$39346-76-4$,$guar gum, carboxymethyl ether, sodium salt$
$38193-60-1$,$1-propanesulfonic acid, 2-methyl-2-[(1-oxo-2-propen-1-yl)amino]-, sodium salt (1:1), polymer with 2-propenamide$
$35585-58-1$,$boric acid (hbo2), sodium salt, octahydrate (9ci)$
$34590-94-8$,$propanol, 1(or 2)-(2-methoxymethylethoxy)-$
$29638-69-5$,$antimony potassium oxide (sb2k4o7)$
$26266-58-0$,$sorbitan, tri-(9z)-9-octadecenoate$
$26100-47-0$,$2-propenoic acid, ammonium salt (1:1), polymer with 2-propenamide$
$26027-38-3$,$poly(oxy-1,2-ethanediyl), α-(4-nonylphenyl)-ω-hydroxy-$
$25987-30-8$,$2-propenoic acid, polymer with 2-propenamide, sodium salt$
$25085-02-3$,$2-propenoic acid, sodium salt (1:1), polymer with 2-propenamide$
$13598-36-2$,$phosphonic acid$
$12179-04-3$,$boron sodium oxide (b4na2o7), hydrate (1:5)$
$12174-11-7$,$palygorskite ([mg(al0.5-1fe0-0.5)]si4(oh)o10.4h2o)$
$100765-57-9$,$pyridinium, 1-(phenylmethyl)-, alkyl derivs., chlorides$
$84133-50-6$,$secondary alcohols, c12-14, ethoxylated$
$72480-70-7$,$tar bases, quinoline derivs., benzyl chloride-quaternized$
$71011-25-1$,$quaternary ammonium compounds, benzyl(hydrogenated tallow alkyl)dimethyl, bis(hydrogenated tallow alkyl)dimethylammonium salt with bentonite$
$68990-47-6$,$fatty acids, tall-oil, reaction products with diethylenetriamine, maleic anhydride, tetraethylenepentamine and triethylenetetramine$
$68966-36-9$,$amines, polyethylenepoly-, ethoxylated, phosphonomethylated$
$68953-58-2$,$quaternary ammonium compounds, bis(hydrogenated tallow alkyl)dimethyl, salts with bentonite$
$68951-67-7$,$alcohols, c14-15, ethoxylated$
$68909-34-2$,$zirconium, acetate lactate oxo ammonium complexes$
$68607-28-3$,$quaternary ammonium compounds, (oxydi-2,1-ethanediyl)bis[coco alkyldimethyl, dichlorides$
$68603-67-8$,$amines, polyethylenepoly-, reaction products with benzyl chloride$
$68603-42-9$,$amides, coco, n,n-bis(hydroxyethyl)$
$68585-36-4$,$poly(oxy-1,2-ethanediyl), α-hydro-ω-hydroxy-, mono-c10-14-alkyl ethers, phosphates$
$68551-12-2$,$alcohols, c12-16, ethoxylated$
$68513-65-5$,$butane, branched and linear$
$68439-51-0$,$alcohols, c12-14, ethoxylated propoxylated$
$68439-46-3$,$alcohols, c9-11, ethoxylated$
$68155-20-4$,$amides, tall-oil fatty, n,n-bis(hydroxyethyl)$
$68131-40-8$,$secondary alcohols, c11-15, ethoxylated$
$10476-85-4$,$strontium chloride (srcl2)$
$10332-33-9$,$perboric acid (hbo(o2)), sodium salt, monohydrate (9ci)$
$10244-99-2$,$5β-rosane-5,6β-diol, (13s)- (8ci)$
$10039-54-0$,$hydroxylamine, sulfate (2:1)$
$10025-69-1$,$tin chloride (sncl2), dihydrate (8ci,9ci)$
$1009-07-0$,$acetamide, n-(5-chloro-2-mercaptophenyl)-$
$1252600-17-1$,$poly[oxy(methyl-1,2-ethanediyl)], α-(2-aminomethylethyl)-ω-(2-aminomethylethoxy)-, phosphonomethylated, sodium salts$
$1159170-26-9$,$fuels, diesel, c9-18-alkane branched and linear$
$854267-07-5$,$boron calcium oxide (b6ca2o11), hydrate (1:5)$
$129898-01-7$,$2-propenoic acid, polymer with sodium phosphinate (1:1), sodium salt$
$129828-31-5$,$2-propenoic acid, polymer with 4-(1,1-dimethylethyl)phenol, formaldehyde, 2,5-furandione, 2-methyloxirane, 4-nonylphenol and oxirane$
$128973-77-3$,$undecanol, branched and linear$
$127036-24-2$,$poly(oxy-1,2-ethanediyl), α-undecyl-ω-hydroxy-, branched and linear$
$126950-60-5$,$secondary alcohols, c12-14$
$125005-87-0$,$diutan gum$
$121888-68-4$,$quaternary ammonium compounds, benzyl(hydrogenated tallow alkyl)dimethyl, stearates, salts with bentonite$
$120313-48-6$,$alcohols, c12-15-branched and linear, ethoxylated propoxylated$
$119345-03-8$,$benzene, 1,1'-oxybis-, tetrapropylene derivs., sulfonated$
$113669-97-9$,$fatty acids, castor-oil, caustic-oxidized, distn. residues, esters with ammonia-ethylene oxide reaction product distn. residues, compds. with diethylenetriamine and triethylenetetramine$
$113221-69-5$,$2-propenoic acid, ethyl ester, polymer with ethenyl acetate and 2,5-furandione, hydrolyzed$
$111560-38-4$,$2-propenoic acid, ethyl ester, polymer with ethenyl acetate and 2,5-furandione, hydrolyzed, sodium salt$
$108818-88-8$,$poly(oxy-1,2-ethanediyl), α-isodecyl-ω-hydroxy-, phosphate$
$104780-82-7$,$poly(oxy-1,2-ethanediyl), α-hexyl-ω-hydroxy-, branched and linear$
$12280-03-4$,$boron sodium oxide (b8na2o13), tetrahydrate$
$12134-66-6$,$maghemite (fe2o3)$
$12125-01-8$,$ammonium fluoride ((nh4)f)$
$12068-08-5$,$benzenesulfonic acid, dodecyl-, compd. with morpholine (1:1)$
$12060-08-1$,$scandium oxide (sc2o3)$
$12030-49-8$,$iridium oxide (iro2)$
$12008-41-2$,$boron sodium oxide (b8na2o13)$
$253222-68-3$,$genbank aw300807 (9ci)$
$224635-63-6$,$acetic acid, reaction products with acetophenone, cyclohexylamine, formaldehyde and methanol$
$197980-53-3$,$zirconium, 1,1'-[[2-[(2-hydroxyethyl)(2-hydroxypropyl)amino]ethyl]imino]bis[2-propanol] complexes$
$193098-40-7$,$1,6-hexanediamine, n1,n6-bis(2,2,6,6-tetramethyl-4-piperidinyl)-, polymers with morpholine-2,4,6-trichloro-1,3,5-triazine reaction products, methylated$
$189959-15-7$,$amines, n-tallow alkyldipropylenetri-, ethoxylated$
$182235-14-9$,$1-piperidinyloxy, 4,4'-[1,6-hexanediylbis(formylimino)]bis[2,2,6,6-tetramethyl-$
$68025-21-8$,$poly(oxy-1,2-ethanediyl), α-sulfo-ω-(dinonylphenoxy)-, sodium salt (1:1)$
$51178-86-0$,$poly[oxy(methyl-1,2-ethanediyl)], α,α',α'',α'''-[1,2-ethanediylbis[nitrilobis(methyl-2,1-ethanediyl)]]tetrakis[ω-hydroxy-$
$26658-46-8$,$aziridine, polymer with oxirane$
$26468-86-0$,$poly(oxy-1,2-ethanediyl), α-(2-ethylhexyl)-ω-hydroxy-$
$26264-06-2$,$benzenesulfonic acid, dodecyl-, calcium salt (2:1)$
$26264-05-1$,$benzenesulfonic acid, dodecyl-, compd. with 2-propanamine (1:1)$
$26006-22-4$,$ethanaminium, n,n,n-trimethyl-2-[(2-methyl-1-oxo-2-propen-1-yl)oxy]-, methyl sulfate (1:1), polymer with 2-propenamide$
$25719-52-2$,$2-propenoic acid, 2-methyl-, dodecyl ester, homopolymer$
$25340-17-4$,$benzene, diethyl-$
$25338-55-0$,$phenol, [(dimethylamino)methyl]-$
$25321-41-9$,$benzenesulfonic acid, dimethyl-$
$25265-71-8$,$propanol, oxybis-$
$25213-24-5$,$acetic acid ethenyl ester, polymer with ethenol$
$25155-30-0$,$benzenesulfonic acid, dodecyl-, sodium salt (1:1)$
$25154-52-3$,$phenol, nonyl-$
$25038-54-4$,$poly[imino(1-oxo-1,6-hexanediyl)]$
$23783-26-8$,$acetic acid, 2-hydroxy-2-phosphono-$
$20786-60-1$,$boric acid (h3bo3), potassium salt (1:?)$
$445411-73-4$,$gas oils (petroleum), vacuum, hydrocracked, hydroisomerized, hydrogenated, c10-25, branched and cyclic$
$430439-54-6$,$inulin, carboxymethyl ether, sodium salt$
$397256-50-7$,$2-propenoic acid, polymer with sodium ethenesulfonate (1:1), peroxydisulfuric acid ([(ho)s(o)2]2o2) sodium salt (1:2)-initiated, reaction products with sodium p,p'-ethenylidenebis[phosphonate] (4:1)$
$391232-99-8$,$1-propanaminium, 3-amino-n,n,n-trimethyl-, n-soya acyl derivs., chlorides$
$308075-07-2$,$sand$
$304443-60-5$,$acetic acid ethenyl ester, polymer with α-hydro-ω-hydroxypoly(oxy-1,2-ethanediyl), hydrolyzed$
$51198-15-3$,$guar gum, carboxymethyl ether$
$42504-46-1$,$benzenesulfonic acid, dodecyl-, compd. with 1-amino-2-propanol (1:1)$
$40404-63-5$,$formaldehyde, polymer with 4-nonylphenol and phenol$
$39421-75-5$,$guar gum, 2-hydroxypropyl ether$
$39382-21-3$,$2-butenedioic acid (2e)-, polymer with 1,2-ethanediol and α,α'-[(1-methylethylidene)di-4,1-phenylene]bis[ω-hydroxypoly[oxy(methyl-1,2-ethanediyl)]] (9ci)$
$39290-78-3$,$aluminum chloride hydroxide sulfate$
$37350-42-8$,$2-propenoic acid, sodium salt (1:1), polymer with sodium 2-methyl-2-[(1-oxo-2-propen-1-yl)amino]-1-propanesulfonate (1:1)$
$37288-54-3$,$endo-β-1,4-mannanase$
$32685-03-3$,$phosphonic acid, p,p'-[[[2-[(2-hydroxyethyl)(phosphonomethyl)amino]ethyl]imino]bis(methylene)]bis-$
$32289-58-0$,$poly[iminocarbonimidoyliminocarbonimidoylimino-1,6-hexanediyl], hydrochloride$
$31017-83-1$,$poly(oxy-1,2-ethanediyl), α,α'-[(dodecylimino)di-2,1-ethanediyl]bis[ω-hydroxy-$
$30965-85-6$,$dodecene-1-sulfonic acid, sodium salt (1:1)$
$29387-86-8$,$propanol, 1(or 2)-butoxy-$
$28757-00-8$,$naphthalenesulfonic acid, bis(1-methylethyl)-$
$28208-80-2$,$2-propenoic acid, polymer with ethene, zinc salt$
$27176-67-6$,$5-norbornene-2,3-dicarboxylic acid, trans-, dimethyl ester, polymer with 2-norbornene (8ci)$
$27083-27-8$,$guanidine, n,n'''-1,6-hexanediylbis[n'-cyano-, polymer with 1,6-hexanediamine, hydrochloride$
$10468-95-8$,$tyrosine, o-[4-hydroxy-3-(2-methylpropyl)phenyl]-3,5-diiodo-$
$424-85-1$,$pregn-4-ene-3,11,20-trione, 9-fluoro-21-hydroxy- (7ci,8ci,9ci)$
$595585-15-2$,$d-glucurono-d-gluco-6-deoxy-l-mannan, acetate, calcium magnesium potassium sodium salt$
$555566-30-8$,$dna (mouse strain c57bl/6j clone k330328h03 est (expressed sequence tag)) (9ci)$
$61790-33-8$,$amines, tallow alkyl$
$61789-76-2$,$amines, dicoco alkyl$
$61789-71-7$,$quaternary ammonium compounds, benzylcoco alkyldimethyl, chlorides$
$61789-68-2$,$quaternary ammonium compounds, benzylcoco alkylbis(hydroxyethyl), chlorides$
$61789-18-2$,$quaternary ammonium compounds, coco alkyltrimethyl, chlorides$
$61788-90-7$,$amine oxides, cocoalkyldimethyl$
$61788-78-1$,$quaternary ammonium compounds, (hydrogenated tallow alkyl)trimethyl, chlorides$
$61788-62-3$,$amines, dicoco alkylmethyl$
$61788-46-3$,$amines, coco alkyl$
$60250-76-2$,$2-propenoic acid, polymer with ethyl 2-propenoate, potassium salt$
$57029-46-6$,$isocyanic acid, polymethylenepolyphenylene ester, polymer with α,α',α''-1,2,3-propanetriyltris[ω-hydroxypoly[oxy(methyl-1,2-ethanediyl)]]$
$56996-83-9$,$phaseolamin$
$56652-26-7$,$poly(oxymethylene), α-[(4,4-dimethyl-3-oxazolidinyl)methyl]-ω-hydroxy- (9ci)$
$56449-46-8$,$poly(oxy-1,2-ethanediyl), α-hydro-ω-hydroxy-, (9z)-9-octadecenoate$
$55845-06-2$,$formaldehyde, polymer with nonylphenol and oxirane$
$54076-97-0$,$ethanaminium, n,n,n-trimethyl-2-[(1-oxo-2-propen-1-yl)oxy]-, chloride (1:1), homopolymer$
$53964-94-6$,$poly(oxy-1,2-ethanediyl), α-[bis(1-methylpropyl)phenyl]-ω-hydroxy-$
$53845-65-1$,$2-propenoic acid, sodium salt (1:1), polymer with 2-propenamide and sodium 2-methyl-2-[(1-oxo-2-propen-1-yl)amino]-1-propanesulfonate (1:1)$
$53320-86-8$,$silicic acid, lithium magnesium sodium salt$
$52624-57-4$,$oxirane, 2-methyl-, polymer with oxirane, ether with 2-ethyl-2-(hydroxymethyl)-1,3-propanediol (3:1)$
$52501-07-2$,$aziridine, polymer with 2-methyloxirane and oxirane$
$5549-29-1$,$[1,1'-biphenyl]-3-carboxamide, 5-chloro-n-(2-chloro-4-methylphenyl)-2-hydroxy-$
$64741-88-4$,$distillates (petroleum), solvent-refined heavy paraffinic$
$64741-86-2$,$distillates (petroleum), sweetened middle$
$64741-68-0$,$naphtha (petroleum), heavy catalytic reformed$
$64741-67-9$,$residues (petroleum), catalytic reformer fractionator$
$64476-38-6$,$apatite-group minerals$
$64475-85-0$,$petroleum spirits$
$64366-70-7$,$oxirane, 2-methyl-, polymer with oxirane, mono(2-ethylhexyl) ether$
$64265-57-2$,$1-aziridinepropanoic acid, 2-methyl-, 1,1'-[2-ethyl-2-[[3-(2-methyl-1-aziridinyl)-1-oxopropoxy]methyl]-1,3-propanediyl] ester$
$63800-37-3$,$sepiolite (mg4(oh)2(si2o5)3.6h2o)$
$63428-86-4$,$poly(oxy-1,2-ethanediyl), α-sulfo-ω-(hexyloxy)-, ammonium salt (1:1)$
$63148-52-7$,$polysiloxanes, di-me, me ph$
$62601-60-9$,$poc-os 2020$
$61791-63-7$,$amines, n-coco alkyltrimethylenediamines$
$61791-31-9$,$ethanol, 2,2'-iminobis-, n-coco alkyl derivs.$
$61791-29-5$,$fatty acids, coco, ethoxylated$
$61791-26-2$,$amines, tallow alkyl, ethoxylated$
$61791-12-6$,$castor oil, ethoxylated$
$61791-10-4$,$quaternary ammonium compounds, coco alkylbis(hydroxyethyl)methyl, ethoxylated, chlorides$
$61791-08-0$,$fatty acids, coco, reaction products with ethanolamine, ethoxylated$
$61790-85-0$,$amines, n-tallow alkyltrimethylenediamines, ethoxylated$
$61790-66-7$,$fatty acids, tall-oil, compds. with diethanolamine$
$61790-60-1$,$amines, tallow alkyl, acetates$
$61790-59-8$,$amines, hydrogenated tallow alkyl, acetates$
$61790-50-9$,$resin acids, potassium salts$
$63-42-3$,$d-glucose, 4-o-β-d-galactopyranosyl-$
$67701-33-1$,$glycerides, c14-18 mono- and di-$
$67701-32-0$,$glycerides, c14-18 and c16-18-unsaturated monoglycerides and diglycerides$
$67254-71-1$,$alcohols, c10-12, ethoxylated$
$66455-14-9$,$alcohols, c12-13, ethoxylated$
$65997-18-4$,$frits, chemicals$
$65997-12-8$,$resin acids, polymd., esters with pentaerythritol$
$65143-89-7$,$benzenesulfonic acid, hexadecyl(sulfophenoxy)-, sodium salt (1:2)$
$65071-95-6$,$tall oil, ethoxylated$
$64771-72-8$,$paraffins (petroleum), normal c5-20$
$64743-01-7$,$petrolatum (petroleum), oxidized$
$64742-95-6$,$solvent naphtha (petroleum), light arom.$
$64742-89-8$,$solvent naphtha (petroleum), light aliph.$
$64742-88-7$,$solvent naphtha (petroleum), medium aliph.$
$64742-82-1$,$naphtha (petroleum), hydrodesulfurized heavy$
$64742-81-0$,$kerosine (petroleum), hydrodesulfurized$
$64742-60-5$,$hydrocarbon waxes (petroleum), hydrotreated microcryst.$
$64742-55-8$,$distillates (petroleum), hydrotreated light paraffinic$
$64742-54-7$,$distillates (petroleum), hydrotreated heavy paraffinic$
$64742-53-6$,$distillates (petroleum), hydrotreated light naphthenic$
$64742-52-5$,$distillates (petroleum), hydrotreated heavy naphthenic$
$64742-46-7$,$distillates (petroleum), hydrotreated middle$
$64742-30-9$,$distillates (petroleum), chemically neutralized middle$
$64741-96-4$,$distillates (petroleum), solvent-refined heavy naphthenic$
$64741-92-0$,$naphtha (petroleum), solvent-refined heavy$
$67-06-1$,$ethanaminium, n,n,n-trimethyl-2-(2-methylphenoxy)-, bromide (1:1)$
$68308-35-0$,$shellac, ammonium salt$
$68214-24-4$,$poly(oxy-1,2-ethanediyl), α,α',α'',α'''-[(1,36-dioxo-1,36-hexacosanediyl)bis(oxy-2,1-ethanediylnitrilodi-2,1-ethanediyl)]tetrakis[ω-hydroxy-$
$68213-23-0$,$alcohols, c12-18, ethoxylated$
$68188-50-1$,$alkenes, c24-28 α-, polymers with maleic anhydride, c20-28-alkyl esters$
$68188-40-9$,$fatty acids, tall-oil, reaction products with acetophenone, formaldehyde and thiourea, hydrochlorides$
$68187-63-3$,$1-propanaminium, 2-hydroxy-n,n,n-trimethyl-, 3-(c12-15-alkyloxy) derivs., chlorides$
$68187-17-7$,$sulfuric acid, mono-c6-10-alkyl esters, ammonium salts$
$68155-37-3$,$amines, n-c12-18-alkyltrimethylenedi-$
$68155-09-9$,$amides, coco, n-[3-(dimethylamino)propyl], n-oxides$
$68153-30-0$,$quaternary ammonium compounds, benzylbis(hydrogenated tallow alkyl)methyl, salts with bentonite$
$68140-01-2$,$amides, coco, n-[3-(dimethylamino)propyl]$
$68139-75-3$,$fatty acids, c18-unsatd., dimers, polymers with diethylenetriamine and tall-oil fatty acids$
$68131-73-7$,$polyamines, polyethylene-$
$68131-72-6$,$polyphosphoric acids, esters with triethanolamine, sodium salts$
$68131-71-5$,$polyphosphoric acids, esters with triethanolamine$
$68131-39-5$,$alcohols, c12-15, ethoxylated$
$68130-47-2$,$poly(oxy-1,2-ethanediyl), α-hydro-ω-hydroxy-, mono-c8-10-alkyl ethers, phosphates$
$68071-95-4$,$quaternary ammonium compounds, ethylbis(hydroxyethyl)tallow alkyl, ethoxylated, et sulfates (salts)$
$68037-74-1$,$siloxanes and silicones, di-me, polymers with me silsesquioxanes$
$68037-05-8$,$poly(oxy-1,2-ethanediyl), α-sulfo-ω-hydroxy-, c6-10-alkyl ethers, ammonium salts$
$68002-96-0$,$alcohols, c16-18, ethoxylated propoxylated$
$67784-80-9$,$soybean oil, me ester$
$67762-90-7$,$siloxanes and silicones, di-me, reaction products with silica$
$67762-38-3$,$fatty acids, c16-18 and c18-unsatd., me esters$
$67762-19-0$,$poly(oxy-1,2-ethanediyl), α-sulfo-ω-hydroxy-, c10-16-alkyl ethers, ammonium salts$
$68513-87-1$,$tar bases, quinoline derivs.$
$68478-95-5$,$poly(oxy-1,2-ethanediyl), α,α'-(iminodi-2,1-ethanediyl)bis[ω-hydroxy-, n-[3-(branched decyloxy)propyl] derivs.$
$68477-31-6$,$distillates (petroleum), catalytic reformer fractionator residue, low-boiling$
$68476-34-6$,$fuels, diesel, no. 2$
$68458-49-1$,$polyphosphoric acids, esters with polyethylene glycol nonylphenyl ether$
$68442-97-7$,$1h-imidazole-1-ethanamine, 4,5-dihydro-, 2-nortall-oil alkyl derivs.$
$68442-77-3$,$2-butenediamide, (2e)-, n1,n4-bis[2-(4,5-dihydro-2-nortall-oil alkyl-1h-imidazol-1-yl)ethyl] derivs.$
$68440-27-7$,$fatty acids, tall-oil, sulfurized$
$68439-72-5$,$amines, c8-18 and c18-unsatd. alkyl, ethoxylated$
$68439-57-6$,$sulfonic acids, c14-16-alkane hydroxy and c14-16-alkene, sodium salts$
$68439-49-6$,$ethoxylated c16-18 alcohols$
$68439-45-2$,$alcohols, c6-12, ethoxylated$
$68425-75-2$,$ethanol, 2-amino-, polymer with α-tridecyl-ω-hydroxypoly(oxy-1,2-ethanediyl) phosphate$
$68425-53-6$,$amines, tall-oil alkyl, dimers$
$68425-47-8$,$amides, soya, n,n-bis(hydroxyethyl)$
$68424-94-2$,$betaines, coco alkyldimethyl$
$68424-51-1$,$fatty acids, tall-oil, compds. with salicylic acid 2-(aminoiminomethyl)hydrazide$
$68412-60-2$,$phosphoric acid, mixed decyl and et and octyl esters$
$68411-32-5$,$benzenesulfonic acid, dodecyl-, branched$
$68411-30-3$,$benzenesulfonic acid, c10-13-alkyl derivs., sodium salts$
$68410-62-8$,$naphthenic acids, ethoxylated$
$68410-00-4$,$distillates (petroleum), crude oil$
$68391-11-7$,$pyridine, alkyl derivs.$
$68309-95-5$,$zirconate(2-), bis[carbonato(2-)-κo]dihydroxy-, ammonium (1:2), (t-4)-$
$68308-89-4$,$fatty acids, c18-unsatd., dimers, ethoxylated propoxylated$
$686411-32-5$,$dna (acyrthosiphon pisum clone id0aaa30cf09 est (expressed sequence tag)) (9ci)$
$68891-38-3$,$poly(oxy-1,2-ethanediyl), α-sulfo-ω-hydroxy-, c12-14-alkyl ethers, sodium salts$
$68891-29-2$,$poly(oxy-1,2-ethanediyl), α-sulfo-ω-hydroxy-, c8-10-alkyl ethers, ammonium salts$
$68855-54-9$,$kieselguhr, soda ash flux-calcined$
$68848-87-3$,$titanium alloy, base, ti 78,nb 19,mo 3 (9ci)$
$68824-85-1$,$iron alloy, base, fe 48,ni 34,cr 13,ti 2.2,nb 1.5,mn 0.9,al 0.3,si 0.2 (9ci)$
$68649-37-6$,$phosphonic acid, p,p'-[iminobis(methylene)]bis-, n-coco alkyl derivs., ammonium salts$
$68649-29-6$,$oxirane, 2-methyl-, polymer with oxirane, mono-c10-16-alkyl ethers, phosphates$
$68649-18-3$,$formaldehyde, polymer with 4-(1,1-dimethylethyl)phenol, ether with α-hydro-ω-hydroxypoly[oxy(methyl-1,2-ethanediyl)], graft (9ci)$
$68647-89-2$,$copals, fused, polymers with polymd. linseed oil and tung oil$
$68647-77-8$,$amides, tallow, n-[3-(dimethylamino)propyl], n-oxides$
$68647-72-3$,$terpenes and terpenoids, sweet orange-oil$
$68609-68-7$,$1-hexanol, 2-ethyl-, manuf. of, by-products from, distn. residues$
$68608-15-1$,$alkanesulfonic acids, sodium salts$
$68607-19-2$,$pyridine, alkyl derivs., hydrochlorides$
$68607-07-8$,$alkenes, c24-25 α-, polymers with maleic anhydride, docosyl esters$
$68593-28-2$,$l-methionine, n-(dimethylphosphinothioyl)-, methyl ester$
$68584-27-0$,$benzenesulfonic acid, c10-16-alkyl derivs., potassium salts$
$68584-25-8$,$benzenesulfonic acid, c10-16-alkyl derivs., compds. with triethanolamine$
$68584-24-7$,$benzenesulfonic acid, c10-16-alkyl derivs., compds. with 2-propanamine$
$68551-95-1$,$fatty acids, c18-unsatd., dimers, polymers with castor oil, phthalic anhydride and polyethylene glycol$
$68551-13-3$,$alcohols, c12-15, ethoxylated propoxylated$
$68526-88-5$,$heptene, hydroformylation products, high-boiling$
$68525-86-0$,$corn flour$
$68514-95-4$,$quaternary ammonium compounds, di-c12-20-alkyldimethyl, chlorides$
$700842-79-1$,$hybridur 540$
$71011-03-5$,$amines, ditallow alkyl, acetates$
$70955-34-9$,$fatty acids, tall-oil, reaction products with 2-[(2-aminoethyl)amino]ethanol, di-et sulfate-quaternized$
$70900-16-2$,$amines, polyethylenepoly-, ethoxylated, phosphonomethylated, sodium salts$
$70851-08-0$,$amides, coco, n-[3-(dimethylamino)propyl], alkylation products with sodium 3-chloro-2-hydroxypropanesulfonate$
$70851-07-9$,$amides, coco, n-[3-(dimethylamino)propyl], alkylation products with chloroacetic acid, sodium salts$
$70592-80-2$,$amine oxides, c10-16-alkyldimethyl$
$70559-25-0$,$poly(oxy-1,2-ethanediyl), α-[2,4,6-tris(1-phenylethyl)phenyl]-ω-hydroxy-$
$70142-34-6$,$octadecanoic acid, 12-hydroxy-, polymer with α-hydro-ω-hydroxypoly(oxy-1,2-ethanediyl)$
$69411-36-5$,$valine, n-(2,6-difluorophenyl)-, (3-phenoxyphenyl)methyl ester$
$69278-63-3$,$alkenes, c20-24 α-, polymers with maleic anhydride, c20-28-alkyl esters$
$69227-22-1$,$alcohols, c10-16, ethoxylated propoxylated$
$69227-21-0$,$alcohols, c12-18, ethoxylated propoxylated$
$69227-09-4$,$benzenesulfonic acid, dodecyl-, branched, sodium salt$
$69012-64-2$,$fumes, silica$
$69011-36-5$,$poly(oxy-1,2-ethanediyl), α-tridecyl-ω-hydroxy-, branched$
$68989-00-4$,$quaternary ammonium compounds, benzyl-c10-16-alkyldimethyl, chlorides$
$68956-79-6$,$quaternary ammonium compounds, c12-18-alkyl[(ethylphenyl)methyl]dimethyl, chlorides$
$68937-55-3$,$polysiloxanes, di-me, 3-hydroxypropyl me, ethoxylated propoxylated$
$68920-95-6$,$amines, polyethylenepoly-, ethoxylated, phosphonomethylated, compds. with alkylpyridine derivs.$
$68916-18-7$,$coffee, bean, roasted, ext.$
$68915-97-9$,$gas oils (petroleum), straight-run, high-boiling$
$68911-87-5$,$quaternary ammonium compounds, bis(hydrogenated tallow alkyl)dimethyl, salts with montmorillonite ((al1.33-1.67mg0.33-0.67)(ca0-1na0-1)0.33si4(oh)2o10.xh2o))$
$68911-25-1$,$fatty acids, c18-unsatd., dimers, polymers with 3,3'-[oxybis(2,1-ethanediyloxy)]bis[1-propanamine]$
$68910-93-0$,$fatty acids, tall-oil, reaction products with polyethylenepolyamines$
$78355-51-8$,$oxirane, 2-methyl-, polymer with oxirane, mono-c11-14-alkyl ethers, branched, sulfates, sodium salts$
$78330-26-4$,$poly(oxy-1,2-ethanediyl), α-sulfo-ω-hydroxy-, c9-11-isoalkyl ethers, c10-rich, ammonium salts$
$75422-21-8$,$poly(oxy-1,2-ethanediyl), α-sulfo-ω-hydroxy-, c6-12-alkyl ethers, ammonium salts$
$73296-89-6$,$sulfuric acid, mono-c12-16-alkyl esters, sodium salts$
$72623-87-1$,$lubricating oils (petroleum), c20-50, hydrotreated neutral oil-based$
$71630-94-9$,$castor oil, ethoxylated, dilaurate$
$71011-26-2$,$quaternary ammonium compounds, benzyl(hydrogenated tallow alkyl)dimethyl, salts with hectorite$
$8031-18-3$,$fuller's earth$
$8017-16-1$,$polyphosphoric acids$
$8008-20-6$,$kerosene$
$8002-26-4$,$tall oil$
$8002-13-9$,$rape oil$
$8001-54-5$,$quaternary ammonium compounds, alkylbenzyldimethyl, chlorides$
$8001-31-8$,$coconut oil$
$8001-26-1$,$linseed oil$
$8001-22-7$,$soybean oil$
$7791-20-0$,$nickel chloride (nicl2), hexahydrate (8ci,9ci)$
$7791-18-6$,$magnesium chloride (mgcl2), hydrate (1:6)$
$7789-78-8$,$calcium hydride (cah2)$
$7758-16-9$,$diphosphoric acid, sodium salt (1:2)$
$7756-94-7$,$1-propene, 2-methyl-, trimer$
$7705-08-0$,$iron chloride (fecl3)$
$7647-40-7$,$bicyclo[4.2.1]nonan-9-one, 7-methyl-, (2,4-dinitrophenyl)hydrazone, exo- (8ci)$
$7446-70-0$,$aluminum chloride (alcl3)$
$773-18-2$,$2h,6h-8a,4a-propenopyrano[3,2-b]pyran (8ci,9ci)$
$876065-86-0$,$alcohols, c2-33, manuf. of, by-products from, overheads$
$875141-56-3$,$imides, from c24-28-α-alkenes-maleic anhydride polymer and hydrogenated tallow alkyl amines$
$848301-67-7$,$distillates (fischer-tropsch), c8-26-branched and linear$
$90218-35-2$,$benzenesulfonic acid, dodecyl-, branched, compds. with 2-propanamine$
$90194-13-1$,$benzenemethanaminium, n-(3-aminopropyl)-n,n-dimethyl-, n-soya acyl derivs., chlorides$
$87246-72-8$,$d-glucitol, 1-deoxy-1-[methyl(1-oxododecyl)amino]-$
$85865-69-6$,$fatty acids, c16-18, iso-bu esters$
$85566-12-7$,$alcohols, c8-10$
$85536-14-7$,$benzenesulfonic acid, 4-c10-13-sec-alkyl derivs.$
$85409-23-0$,$quaternary ammonium compounds, c12-14-alkyl[(ethylphenyl)methyl]dimethyl, chlorides$
$84012-43-1$,$walnut, juglans regia, ext.$
$9049-71-2$,$poly[oxy(methyl-1,2-ethanediyl)], α-hydro-ω-hydroxy-, ether with β-d-fructofuranosyl α-d-glucopyranoside$
$9035-69-2$,$cellulose, diacetate$
$9032-92-2$,$glycosidase$
$9016-88-0$,$1,4-benzenedicarboxylic acid, polymer with 1,2-ethanediol and α-hydro-ω-hydroxypoly(oxy-1,2-ethanediyl)$
$9012-54-8$,$cellulase$
$9006-65-9$,$dimethicone$
$9005-67-8$,$sorbitan, monooctadecanoate, poly(oxy-1,2-ethanediyl) derivs.$
$9004-64-2$,$cellulose, 2-hydroxypropyl ether$
$9004-59-5$,$cellulose, ethyl methyl ether$
$9004-34-6$,$cellulose$
$9002-92-0$,$poly(oxy-1,2-ethanediyl), α-dodecyl-ω-hydroxy-$
$9000-90-2$,$α-amylase$
$9000-70-8$,$gelatins$
$8032-32-4$,$ligroine$
$1356964-77-6$,$9-decenamide, n,n-dimethyl-$
$915053-39-3$,$dna, d(t-t-c-g-g-t-t-g-t-c-g-a-t-a-t-g-a-g-g-a-t-c-t) (9ci)$
$910644-97-2$,$2-propenoic acid, ammonium salt (1:1), polymer with 2-propenamide, sodium salt$
$98072-94-7$,$ilmenite (fetio3), conc.$
$94292-05-4$,$chromate(3-), bis[3-(hydroxy-κo)-4-[2-[2-(hydroxy-κo)-1-naphthalenyl]diazenyl-κn1]-7-nitro-1-naphthalenesulfonato(3-)]-, hydrogen, compd. with 2-(dodecylamino)ethanol and 2-ethyl-1-hexanamine (1:3:2:1)$
$94266-97-4$,$benzamide, n-(aminoiminomethyl)-4-hydroxy-3,5-dimethoxy-, hydrochloride (1:1)$
$94266-47-4$,$citrus, ext.$
$92908-33-3$,$ulexite (canah12(bo3)5.2h2o), calcined$
$92797-42-7$,$bauxite (al2o3.xh2o), calcined$
$92046-34-9$,$poly(oxy-1,2-ethanediyl), α-[4-(1,1,3,3-tetramethylbutyl)cyclohexyl]-ω-hydroxy-$
$90622-53-0$,$alkanes, c12-26-branched and linear$
$61790-69-0$,$fatty acids, tall-oil, reaction products with diethylenetriamine$
$9084-06-4$,$naphthalenesulfonic acid, polymer with formaldehyde, sodium salt$
$9082-00-2$,$oxirane, 2-methyl-, polymer with oxirane, ether with 1,2,3-propanetriol (3:1)$
$9063-87-0$,$magnopeptin$
$9050-36-6$,$maltodextrin$
$9014-01-1$,$subtilisin$
$8013-01-2$,$yeast extract$
$8002-09-3$,$pine oil$
$8002-05-9$,$petroleum$
$7632-04-4$,$perboric acid (hbo(o2)), sodium salt (1:1)$
$1318-02-1$,$zeolites, synthetic$
$172343-37-2$,$alkanes, c10-24-branched and linear$
$27323-41-7$,$benzenesulfonic acid, dodecyl-, compd. with 2,2',2''-nitrilotris[ethanol] (1:1)$
$9034-48-4$,$thyroid stimulator, long-acting$
$8061-53-8$,$lignosulfonic acid, ammonium salt$
$6654-64-4$,$1,3,5-naphthalenetrisulfonic acid$
$6474-02-8$,$acetamide, n-[4-[[[(4-methylphenyl)sulfonyl](2-methyl-2h-tetrazol-5-yl)amino]sulfonyl]phenyl]-$
$1655-35-2$,$2,7-naphthalenedisulfonic acid, sodium salt (1:2)$
$592-41-6$,$1-hexene$
$107-01-7$,$2-butene$
$1607814-38-9$,$humic acids, potassium salts, polymers with n,n-dimethyl-2-propenamide, sodium acrylate and sodium 2-methyl-2-[(1-oxo-2-propen-1-yl)amino]-1-propanesulfonate (1:1), peroxydisulfuric acid ([(ho)s(o)2]2o2) sodium salt (1:2)-initiated$
$1422006-64-1$,$humic acids, potassium salts, polymers with n,n-dimethyl-2-propenamide, maleic anhydride and sodium 2-methyl-2-[(1-oxo-2-propen-1-yl)amino]-1-propanesulfonate (1:1), sodium salts$
$1352632-71-3$,$phosphoric acid, mixed diesters with c6-12 alcs., et alc. and polyethylene glycol mono-ph ether$
$181828-06-8$,$2-butenedioic acid (2z)-, ammonium salt (1:?), homopolymer, hydrolyzed, sodium salts$
$177149-89-2$,$phenol, 2,4,6-tris[(dimethylamino)methyl]-, reaction products with benzyl chloride$
$174206-15-6$,$zirconium, chloro hydroxy lactate oxo sodium complexes$
$157627-86-6$,$alcohols, c13-15-branched and linear, ethoxylated$
$154518-36-2$,$alcohols, c9-11-iso-, c10-rich, ethoxylated propoxylated$
$137898-94-3$,$phosphoric acid, mixed decyl and et and octyl esters, potassium salts$
$132435-00-8$,$benzene, 2,4-diisocyanato-1,3,5-tris(1-methylethyl)-, homopolymer, 2-isocyanato-1,3-bis(1-methylethyl)benzene-blocked$
$16405-35-9$,$platinate(1-), trichloro(η2-ethene)-, potassium, hydrate (1:1:1)$
$15630-89-4$,$carbonic acid sodium salt (1:2), compd. with hydrogen peroxide (h2o2) (2:3)$
$13601-19-9$,$ferrate(4-), hexakis(cyano-κc)-, sodium (1:4), (oc-6-11)-$
$13492-26-7$,$phosphonic acid, potassium salt (1:2)$
$13446-12-3$,$phosphonic acid, ammonium salt (1:1)$
$1343-88-0$,$silicic acid, magnesium salt$
$1341-49-7$,$ammonium fluoride ((nh4)(hf2))$
$1338-39-2$,$sorbitan, monododecanoate$
$1330-20-7$,$benzene, dimethyl-$
$1327-36-2$,$aluminatesilicate$
$1317-61-9$,$iron oxide (fe3o4)$
$1309-37-1$,$iron oxide (fe2o3)$
$1302-87-0$,$clays$
$1302-27-8$,$biotite ((fe0.4-0.8mg0.2-0.6)3k(si3al)[(oh)0.5-1f0-0.5]2o10)$
$147-14-8$,$copper, [29h,31h-phthalocyaninato(2-)-κn29,κn30,κn31,κn32]-, (sp-4-1)-$
$25988-97-0$,$methanamine, n-methyl-, polymer with 2-(chloromethyl)oxirane$
$25956-17-6$,$2-naphthalenesulfonic acid, 6-hydroxy-5-[2-(2-methoxy-5-methyl-4-sulfophenyl)diazenyl]-, sodium salt (1:2)$
$25704-18-1$,$benzenesulfonic acid, 4-ethenyl-, sodium salt (1:1), homopolymer$
$25551-13-7$,$benzene, trimethyl-$
$25496-72-4$,$9-octadecenoic acid (9z)-, monoester with 1,2,3-propanetriol$
$25446-78-0$,$ethanol, 2-[2-[2-(tridecyloxy)ethoxy]ethoxy]-, 1-(hydrogen sulfate), sodium salt (1:1)$
$25265-77-4$,$propanoic acid, 2-methyl-, monoester with 2,2,4-trimethyl-1,3-pentanediol$
$25264-93-1$,$hexene$
$2605-79-0$,$1-decanamine, n,n-dimethyl-, n-oxide$
$2530-83-8$,$oxirane, 2-[[3-(trimethoxysilyl)propoxy]methyl]-$
$52503-47-6$,$oxirane, 2-methyl-, polymer with oxirane, 1,2-ethanediylbis(nitrilodialkylene) ether$
$26952-21-6$,$isooctanol$
$26952-14-7$,$hexadecene$
$26677-99-6$,$2-propenoic acid, polymer with 2,5-furandione$
$26183-52-8$,$poly(oxy-1,2-ethanediyl), α-decyl-ω-hydroxy-$
$26172-55-4$,$3(2h)-isothiazolone, 5-chloro-2-methyl-$
$26100-51-6$,$propanoic acid, 2-hydroxy-, homopolymer$
$26099-09-2$,$2-butenedioic acid (2z)-, homopolymer$
$26062-79-3$,$2-propen-1-aminium, n,n-dimethyl-n-2-propen-1-yl-, chloride (1:1), homopolymer$
$2690-05-3$,$pentane, 1,1,1,2,2,3,4,4,5,5,5-undecafluoro-3-(1,1,2,2,2-pentafluoroethyl)-$
$2682-20-4$,$3(2h)-isothiazolone, 2-methyl-$
$2680-03-7$,$2-propenamide, n,n-dimethyl-$
$2673-22-5$,$butanedioic acid, 2-sulfo-, 1,4-ditridecyl ester, sodium salt (1:1)$
$2634-33-5$,$1,2-benzisothiazol-3(2h)-one$
$267-56-1$,$benzo[1,2-b:5,4-b']difuran$
$187612-32-4$,$4h-dibenzo[de,g]quinolinium, 5,6,6a,7-tetrahydro-10,11-dihydroxy-1,2-dimethoxy-6,6-dimethyl-, chloride (1:1)$
$64741-47-5$,$natural gas condensates (petroleum)$
$9041-33-2$,$oxirane, 2-methyl-, polymer with oxirane, mono-2-propen-1-yl ether$
$13517-23-2$,$phosphonic acid, disodium salt, pentahydrate (8ci,9ci)$
$9005-70-3$,$sorbitan, tri-(9z)-9-octadecenoate, poly(oxy-1,2-ethanediyl) derivs.$
$9011-05-6$,$urea, polymer with formaldehyde$
$7373-51-5$,$14β-estra-1,3,5(10),6,8-pentaene-17α-carboxylic acid, 3,6-dimethoxy-, methyl ester, (±)- (8ci)$
$6041-94-7$,$2-naphthalenecarboxamide, 4-[2-(2,5-dichlorophenyl)diazenyl]-3-hydroxy-n-phenyl-$
$5650-20-4$,$3,6,9,12-tetraoxatetradecan-1-ol$
$112-50-5$,$ethanol, 2-[2-(2-ethoxyethoxy)ethoxy]-$
$111-90-0$,$ethanol, 2-(2-ethoxyethoxy)-$
$104-15-4$,$benzenesulfonic acid, 4-methyl-$
$9003-13-8$,$poly[oxy(methyl-1,2-ethanediyl)], α-butyl-ω-hydroxy-$
$93762-80-2$,$alkenes, c15-18$
$17397-89-6$,$2-oxiranecarboxamide, 3-[(4e,7e)-1-oxo-4,7-nonadien-1-yl]-, (2r,3s)-$
$17004-51-2$,$6-hexadecenoic acid, (6z)-$
$14998-27-7$,$chlorite (8ci,9ci)$
$9004-95-9$,$poly(oxy-1,2-ethanediyl), α-hexadecyl-ω-hydroxy-$
$5392-40-5$,$2,6-octadienal, 3,7-dimethyl-$
$287-92-3$,$cyclopentane$
$93-53-8$,$benzeneacetaldehyde, α-methyl-$
$75-75-2$,$methanesulfonic acid$
$52450-80-3$,$guanidine, n-cyano-, polymer with 1,2-ethanediamine and formaldehyde$
$40372-66-5$,$1,2,4-butanetricarboxylic acid, 2-phosphono-, sodium salt (1:?)$
$6132-04-3$,$1,2,3-propanetricarboxylic acid, 2-hydroxy-, sodium salt, hydrate (1:3:2)$
$700-79-8$,$quinazoline, 2-methyl-$
$693-33-4$,$1-hexadecanaminium, n-(carboxymethyl)-n,n-dimethyl-, inner salt$
$95-96-5$,$1,4-dioxane-2,5-dione, 3,6-dimethyl-$
$91051-05-7$,$essential fatty acids, et esters$
$90194-54-0$,$benzenesulfonic acid, mono-c10-13-branched alkyl derivs., compds. with 2-propanamine$
$68649-55-8$,$poly(oxy-1,2-ethanediyl), α-sulfo-ω-(nonylphenoxy)-, branched, ammonium salt$
$334-48-5$,$decanoic acid$
$84-86-6$,$1-naphthalenesulfonic acid, 4-amino-$
$10043-01-3$,$sulfuric acid, aluminum salt (3:2)$
$7778-53-2$,$phosphoric acid, potassium salt (1:3)$
$115-11-7$,$1-propene, 2-methyl-$
$112-60-7$,$ethanol, 2,2'-[oxybis(2,1-ethanediyloxy)]bis-$
$111-27-3$,$1-hexanol$
$110-97-4$,$2-propanol, 1,1'-iminobis-$
$108-93-0$,$cyclohexanol$
$106-99-0$,$1,3-butadiene$
$1270878-70-0$,$3-pyridinecarboxamide, 6-amino-5-chloro-n-(5-chloro-2-pyridinyl)-$
$120962-03-0$,$canola oil$
$120086-58-0$,$13-docosen-1-aminium, n,n-bis(2-hydroxyethyl)-n-methyl-, chloride (1:1), (13z)-$
$18433-42-6$,$silicate(2-), hexafluoro-, zinc, hydrate (1:1:6)$
$12002-43-6$,$gilsonite$
$1327-41-9$,$aluminum chloride, basic$
$1314-60-9$,$antimony oxide (sb2o5)$
$1309-64-4$,$antimony oxide (sb2o3)$
$228414-35-5$,$alcohols, c11-14-iso-, c13-rich, butoxylated ethoxylated$
$19834-02-7$,$sulfuric acid, compd. with cyclohexanamine (1:1)$
$18472-87-2$,$spiro[isobenzofuran-1(3h),9'-[9h]xanthen]-3-one, 2',4',5',7'-tetrabromo-4,5,6,7-tetrachloro-3',6'-dihydroxy-, sodium salt (1:2)$
$13478-10-9$,$iron chloride (fecl2), tetrahydrate (8ci,9ci)$
$13446-34-9$,$manganese chloride (mncl2), tetrahydrate (8ci,9ci)$
$2228-95-7$,$cyclopentanecarboxaldehyde, 1-(1,1-dimethyl-2-propen-1-yl)-$
$2190-04-7$,$1-octadecanamine, acetate (1:1)$
$1480-86-0$,$1,3-dioxolane, 4-chloro-2,2-bis(chlorodifluoromethyl)-$
$150-25-4$,$glycine, n,n-bis(2-hydroxyethyl)-$
$140-01-2$,$glycine, n,n-bis[2-[bis(carboxymethyl)amino]ethyl]-, sodium salt (1:5)$
$308074-31-9$,$quaternary ammonium compounds, (2-ethylhexyl)(hydrogenated tallow alkyl)dimethyl, me sulfates$
$34345-47-6$,$l-aspartic acid, homopolymer, sodium salt$
$31974-35-3$,$aziridine, polymer with 2-methyloxirane$
$30525-89-4$,$paraformaldehyde$
$28348-53-0$,$benzenesulfonic acid, (1-methylethyl)-, sodium salt (1:1)$
$27776-21-2$,$1h-imidazole, 2,2'-[1,2-diazenediylbis(1-methylethylidene)]bis[4,5-dihydro-, hydrochloride (1:2)$
$27401-06-5$,$2-propenoic acid, 2-methyl-, polymer with octadecyl 2-methyl-2-propenoate$
$27306-78-1$,$poly(oxy-1,2-ethanediyl), α-methyl-ω-[3-[1,3,3,3-tetramethyl-1-[(trimethylsilyl)oxy]-1-disiloxanyl]propoxy]-$
$25167-67-3$,$butene$
$302-01-2$,$hydrazine$
$290-87-9$,$1,3,5-triazine$
$689096-18-2$,$genbank bw366726 (9ci)$
$69353-21-5$,$benzofuro[4,3,2-efg][2]benzazocin-2-ol, 2,3,3a,8,9,10,11,11b-octahydro-5-methoxy-9-methyl-, hydrobromide (9ci)$
$68919-39-1$,$natural gas condensates$
$68604-75-1$,$fatty acids, coco, reaction products with diethylenetriamine and soya fatty acids, ethoxylated, chloromethane-quaternized$
$68425-61-6$,$naphthalenesulfonic acid, bis(1-methylethyl)-, compd. with cyclohexanamine (1:1)$
$68334-30-5$,$diesel fuel$
$68334-28-1$,$hydrogenated vegetable oils$
$68132-59-2$,$fatty acids, c18-unsatd., dimers, compds. with ethoxylated tall-oil fatty acid-polyethylenepolyamine reaction products$
$68037-59-2$,$polysiloxanes, di-me, me hydrogen$
$66148-25-2$,$2-butenoic acid, 4-hydroxy-2-methyl-, (3ar,4r,6e,9s,10z,11ar)-9-(acetyloxy)-2,3,3a,4,5,8,9,11a-octahydro-6,10-dimethyl-3-methylene-2-oxocyclodeca[b]furan-4-yl ester, (2e)-$
$61790-90-7$,$fatty acids, tall-oil, hexaesters with sorbitol, ethoxylated$
$61790-82-7$,$amines, hydrogenated tallow alkyl, ethoxylated$
$36673-16-2$,$titanium, bis[2-[bis(2-hydroxyethyl)amino-κn]ethanolato-κo]bis(2-propanolato)-$
$6742-81-0$,$cyclobutanol, 1-(1,3-cyclopentadien-1-yl)-2,2,3,3,4,4-hexafluoro-$
$699-00-3$,$1,3-dioxolane-4-methanol, 2-ethoxy-, trans- (9ci)$
$614-45-9$,$benzenecarboperoxoic acid, 1,1-dimethylethyl ester$
$488-16-4$,$butanoic acid, 2,3,4-trihydroxy-, (2r,3r)-$
$447-63-2$,$benzenesulfonyl fluoride, 2-(iodomethyl)-$
$763186-99-8$,$dna, d(g-a-g-a-g-a-c-c-c-t-t-g-t-g-g-g-t-c-c-a-t-g-c-t-a-a-c-a-a-a-g-a) (9ci)$
$77321-82-5$,$platinum, phenyl(thiocyanato-κn)bis(triphenylphosphine)-, (sp-4-1)-$
$76471-41-5$,$1h-1,2,4-triazole-1-ethanol, β-[(5-bromo-2-thienyl)methyl]-α-(1,1-dimethylethyl)-, 1-acetate$
$76320-44-0$,$cyclopropanecarboxylic acid, 2,2-dimethyl-3-(pentyloxy)-, (1r,3s)-rel-$
$70693-06-0$,$aromatic hydrocarbons, c9-11$
$7789-75-5$,$calcium fluoride (caf2)$
$7785-84-4$,$metaphosphoric acid (h3p3o9), sodium salt (1:3)$
$7722-88-5$,$diphosphoric acid, sodium salt (1:4)$
$7681-65-4$,$copper iodide (cui)$
$7646-93-7$,$sulfuric acid, potassium salt (1:1)$
$7440-42-8$,$boron$
$7360-44-3$,$aluminum, (acetato-κo)dihydroxy-$
$744-60-5$,$carbamodithioic acid, 1,2-ethanediylbis-, bis(4-chlorophenyl) ester (9ci)$
$76-31-3$,$mercurate(2-), (carboxylatomethyl)[3-[[[3-(mercapto-κs)-2-(methoxy-κo)propyl]amino]carbonyl]-2,2,3-trimethylcyclopentanecarboxylato(2-)]-, hydrogen (1:2)$
$75-20-7$,$calcium carbide (ca(c2))$
$74-85-1$,$ethene$
$74-82-8$,$methane$
$71-41-0$,$1-pentanol$
$90049-80-2$,$benzo[b]thiophene-5-ol, 3-nitro-$
$85609-23-0$,$carbonic acid, 1-(3-methyl-8'-oxospiro[cyclohexane-1,2'-[3]oxa[1]azabicyclo[4.2.0]octan]-7'-yl)ethyl (4-nitrophenyl)methyl ester$
$82030-84-0$,$surflon s 141$
$81741-02-8$,$carbamic acid, [2-oxo-4-(2-phenylethenyl)-3-azetidinyl]-, 1,1-dimethylethyl ester, [3α,4α(e)]- (9ci)$
$9036-19-5$,$poly(oxy-1,2-ethanediyl), α-[(1,1,3,3-tetramethylbutyl)phenyl]-ω-hydroxy-$
$9002-93-1$,$poly(oxy-1,2-ethanediyl), α-[4-(1,1,3,3-tetramethylbutyl)phenyl]-ω-hydroxy-$
$8050-09-7$,$rosin$
$8013-59-0$,$ammonia spirit, aromatic (8ci,9ci)$
$992-98-3$,$formic acid, thallium(1+) salt (1:1)$
$839-20-3$,$1-propanone, 3,3,3-trifluoro-2-hydroxy-1-phenyl-2-(trifluoromethyl)-$
$98-01-1$,$2-furancarboxaldehyde$
$95-47-6$,$benzene, 1,2-dimethyl-$
$129879-41-0$,$3,5,9-trioxa-4-phosphatetracosan-1-aminium, 7-(acetyloxy)-24-carboxy-4-hydroxy-n,n,n-trimethyl-, inner salt, 4-oxide, (r)- (9ci)$
$22890-16-0$,$1-decanamine, n,n-dimethyl-, acetate (1:1)$
$15000-59-6$,$benzothiazolium, 2-[2-[4-(dimethylamino)phenyl]diazenyl]-6-methoxy-3-methyl-, methyl sulfate (1:1)$
$12525-02-9$,$calcium potassium terbium oxide (8ci)$
$10326-41-7$,$propanoic acid, 2-hydroxy-, (2r)-$
$124-64-1$,$phosphonium, tetrakis(hydroxymethyl)-, chloride (1:1)$
$67-30-1$,$benzeneacetic acid, 4-(4-hydroxy-3,5-diiodophenoxy)-3,5-diiodo-$
$686609-68-7$,$dna (pinus taeda clone piaam83 est (expressed sequence tag))$
$71750-71-5$,$alcohols, c>14$
$64741-66-8$,$naphtha (petroleum), light alkylate$
$37353-75-6$,$poly[oxy(methyl-1,2-ethanediyl)], α,α'-[(1-methylethylidene)di-4,1-phenylene]bis[ω-hydroxy-$
$7440-70-2$,$calcium$
$7023-61-2$,$2-naphthalenecarboxylic acid, 4-[2-(5-chloro-4-methyl-2-sulfophenyl)diazenyl]-3-hydroxy-, calcium salt (1:1)$
$3468-63-1$,$2-naphthalenol, 1-[2-(2,4-dinitrophenyl)diazenyl]-$
$98072-82-3$,$chromite (cr2feo4), conc.$
$90622-59-6$,$isoalkanes, c16-20$
$90622-58-5$,$alkanes, c11-15-iso-$
$79-20-9$,$acetic acid, methyl ester$
$63732-47-8$,$morphinan-3-ol, 17,17'-(2-butene-1,4-diyl)bis-, dihydrochloride (9ci)$
$143106-84-7$,$2-butanone, 4-[[[(1r,4as,10ar)-1,2,3,4,4a,9,10,10a-octahydro-1,4a-dimethyl-7-(1-methylethyl)-1-phenanthrenyl]methyl](3-oxo-3-phenylpropyl)amino]-, hydrochloride (1:1)$
$99811-86-6$,$naphthalenesulfonic acid, bis(1-methylethyl)-, me derivs.$
$68608-68-4$,$β-alanine, n-coco alkyl derivs., sodium salts$
$68412-53-3$,$poly(oxy-1,2-ethanediyl), α-(nonylphenyl)-ω-hydroxy-, branched, phosphates$
$68092-28-4$,$tall oil, compd. with diethanolamine$
$61791-47-7$,$ethanol, 2,2'-iminobis-, n-coco alkyl derivs., n-oxides$
$19277-88-4$,$1-propanaminium, n,n,n-trimethyl-3-[(1-oxooctadecyl)amino]-, methyl sulfate (1:1)$
$9005-02-1$,$poly(oxy-1,2-ethanediyl), α-(1-oxododecyl)-ω-[(1-oxododecyl)oxy]-$
$8030-78-2$,$quaternary ammonium compounds, trimethyltallow alkylammonium chlorides$
$6381-92-6$,$glycine, n,n'-1,2-ethanediylbis[n-(carboxymethyl)-, sodium salt, hydrate (1:2:2)$
$4511-42-6$,$1,4-dioxane-2,5-dione, 3,6-dimethyl-, (3s,6s)-$
$298-12-4$,$acetic acid, 2-oxo-$
$141-97-9$,$butanoic acid, 3-oxo-, ethyl ester$
$110-26-9$,$2-propenamide, n,n'-methylenebis-$
$77-93-0$,$1,2,3-propanetricarboxylic acid, 2-hydroxy-, 1,2,3-triethyl ester$
$57-09-0$,$1-hexadecanaminium, n,n,n-trimethyl-, bromide (1:1)$
$54-21-7$,$benzoic acid, 2-hydroxy-, sodium salt (1:1)$
$103331-86-8$,$secondary alcohols, c12-14, ethoxylated propoxylated$
$93924-07-3$,$alkanes, c10-14$
$68476-44-8$,$hydrocarbons, c>3$
$68476-30-2$,$fuel oil, no. 2$
$68411-00-7$,$alkenes, c>8$
$68333-25-5$,$distillates (petroleum), hydrodesulfurized light catalytic cracked$
$68132-00-3$,$naphtha (petroleum), light steam-cracked, debenzenized, polymd., hydrogenated$
$68131-87-3$,$alkenes, ethylene-manuf.-by-product dicyclopentadiene-conc., polymers with steam-cracked petroleum distillates$
$64742-91-2$,$distillates (petroleum), steam-cracked$
$64742-80-9$,$distillates (petroleum), hydrodesulfurized middle$
$64741-43-1$,$gas oils (petroleum), straight-run$
$8006-61-9$,$natural gasoline$
$8000-41-7$,$terpineol$
$123-51-3$,$1-butanol, 3-methyl-$
$112-70-9$,$1-tridecanol$
$108-87-2$,$cyclohexane, methyl-$
$106-42-3$,$benzene, 1,4-dimethyl-$
$68987-90-6$,$poly(oxy-1,2-ethanediyl), α-(octylphenyl)-ω-hydroxy-, branched$
$68647-57-4$,$fatty acids, c18-unsatd., dimers, compds. with diethylenetriamine-tall-oil fatty acid reaction products$
$68551-33-7$,$amines, tallow alkyl, ethoxylated, acetates (salts)$
$61790-57-6$,$amines, coco alkyl, acetates$
$34375-28-5$,$ethanol, 2-(hydroxymethylamino)-$
$20324-33-8$,$2-propanol, 1-[2-(2-methoxy-1-methylethoxy)-1-methylethoxy]-$
$10213-78-2$,$ethanol, 2,2'-(octadecylimino)bis-$
$9081-17-8$,$poly(oxy-1,2-ethanediyl), α-sulfo-ω-(nonylphenoxy)-$
$9046-10-0$,$poly[oxy(methyl-1,2-ethanediyl)], α-(2-aminomethylethyl)-ω-(2-aminomethylethoxy)-$
$2997-92-4$,$propanimidamide, 2,2'-(1,2-diazenediyl)bis[2-methyl-, hydrochloride (1:2)$
$1613-17-8$,$1-octadecanamine, n,n-dimethyl-, hydrochloride (1:1)$
$929-59-9$,$ethanamine, 2,2'-[1,2-ethanediylbis(oxy)]bis-$
$135-37-5$,$glycine, n-(carboxymethyl)-n-(2-hydroxyethyl)-, sodium salt (1:2)$
$124-28-7$,$1-octadecanamine, n,n-dimethyl-$
$77-86-1$,$1,3-propanediol, 2-amino-2-(hydroxymethyl)-$
$403730-32-5$,$2-propenoic acid, 2-methyl-, 2-hydroxyethyl ester, polymer with ethenylbenzene, methyl 2-methyl-2-propenoate, 2-propenoic acid and rel-(1r,2r,4r)-1,7,7-trimethylbicyclo[2.2.1]hept-2-yl 2-methyl-2-propenoate, 2-hydroxy-3-[(1-oxoneodecyl)oxy]propyl ester, bis(1,1-dimethylpropyl) peroxide-initiated$
$74665-17-1$,$titanium, iso-pr alc. triethanolamine complexes$
$61789-85-3$,$sulfonic acids, petroleum$
$28519-02-0$,$benzenesulfonic acid, dodecyl(sulfophenoxy)-, sodium salt (1:2)$
$9005-81-6$,$cellophane$
$7327-60-8$,$acetonitrile, 2,2',2''-nitrilotris-$
$1066-30-4$,$acetic acid, chromium(3+) salt (3:1)$
$681-84-5$,$silicic acid (h4sio4), tetramethyl ester$
$650-51-1$,$acetic acid, 2,2,2-trichloro-, sodium salt (1:1)$
$108-94-1$,$cyclohexanone$
$96-29-7$,$2-butanone, oxime$
$78-94-4$,$3-buten-2-one$
$50-99-7$,$d-glucose$
$13427-63-9$,$ethanol, 2-amino-, sulfite (1:1)$
$12057-74-8$,$magnesium phosphide (mg3p2)$
$10101-97-0$,$sulfuric acid, nickel(2+) salt, hydrate (1:1:6)$
$10101-89-0$,$phosphoric acid, sodium salt, hydrate (1:3:12)$
$7803-63-6$,$sulfuric acid, ammonium salt (1:1)$
$7803-51-2$,$phosphine$
$7785-88-8$,$phosphoric acid, aluminum sodium salt (1:?:?)$
$7783-06-4$,$hydrogen sulfide (h2s)$
$1332-37-2$,$iron oxide$
$1302-42-7$,$aluminate (alo21-), sodium (1:1)$
$1113-47-9$,$carbamic acid, (trichloroacetyl)-, 1-isopropyl-2,2-dimethyltrimethylene ester (7ci,8ci)$
$1066-33-7$,$carbonic acid, ammonium salt (1:1)$
$555-31-7$,$2-propanol, aluminum salt (3:1)$
$533-96-0$,$carbonic acid, sodium salt (2:3)$
$93763-70-3$,$perlite, expanded$
$50815-10-6$,$kolite$
$12168-85-3$,$calcium oxide silicate (ca3o(sio4))$
$12068-56-3$,$aluminum oxide silicate (al6o5(sio4)2)$
$12068-35-8$,$aluminum calcium iron oxide (alca2feo5)$
$10034-77-2$,$silicic acid (h4sio4), calcium salt (1:2)$
$7440-50-8$,$copper$
$7439-92-1$,$lead$
$6834-92-0$,$silicic acid (h2sio3), sodium salt (1:2)$
$1317-95-9$,$tripoli$
$1302-62-1$,$almandine (al2fe3(sio4)3) (9ci)$
